site,MDT,scenario,extthrs,flexthrs,meanrob,sdrob
Arne,triad,most to least common,0.25,0,0.394245118023112,0.0509613335130022
Arne,triad,least to most common,0.25,0,0.624631153379055,0.0688784163821235
Arne,triad,random,0.25,0,0.5131409111635,0.104569138558161
Arne,triad,most to least common,0.25,0.25,0.438689354898312,0.0509716161510927
Arne,triad,least to most common,0.25,0.25,0.639003217992849,0.0623067835286653
Arne,triad,random,0.25,0.25,0.540158907618795,0.0915228394015722
Arne,triad,most to least common,0.25,0.5,0.486400440766205,0.0506110591595411
Arne,triad,least to most common,0.25,0.5,0.665846410670899,0.0547853985046122
Arne,triad,random,0.25,0.5,0.591562200101156,0.0776408546884435
Arne,triad,most to least common,0.25,1,0.605655524933404,0.0570815782685972
Arne,triad,least to most common,0.25,1,0.70785291059585,0.04091295346951
Arne,triad,random,0.25,1,0.685049043530032,0.0690209463775369
Arne,triad,most to least common,0.5,0,0.389736382447076,0.0530440444497891
Arne,triad,least to most common,0.5,0,0.619447085414044,0.0702132456621333
Arne,triad,random,0.5,0,0.511580377703283,0.103770898519677
Arne,triad,most to least common,0.5,0.25,0.426536938476342,0.0519185573751949
Arne,triad,least to most common,0.5,0.25,0.638014411196771,0.0573871225492995
Arne,triad,random,0.5,0.25,0.528478647709889,0.095627340304614
Arne,triad,most to least common,0.5,0.5,0.470660281880918,0.0480346649862541
Arne,triad,least to most common,0.5,0.5,0.653497666478544,0.0572967905242138
Arne,triad,random,0.5,0.5,0.574388254463648,0.0797306922215696
Arne,triad,most to least common,0.5,1,0.58406940773793,0.0545464719878887
Arne,triad,least to most common,0.5,1,0.700236670871474,0.0405637312065821
Arne,triad,random,0.5,1,0.669132669071489,0.0620393611521255
Arne,triad,most to least common,0.75,0,0.379562029065181,0.0529793162609197
Arne,triad,least to most common,0.75,0,0.609406851556082,0.0699626265346299
Arne,triad,random,0.75,0,0.493913278310869,0.0992008441536716
Arne,triad,most to least common,0.75,0.25,0.39971054992069,0.0532742956489878
Arne,triad,least to most common,0.75,0.25,0.617931938700029,0.0697234043494097
Arne,triad,random,0.75,0.25,0.506066619371078,0.0950556689590094
Arne,triad,most to least common,0.75,0.5,0.43159016145896,0.0498702465407443
Arne,triad,least to most common,0.75,0.5,0.637918560066399,0.0613134026700299
Arne,triad,random,0.75,0.5,0.540679748009274,0.0892682269198698
Arne,triad,most to least common,0.75,1,0.54407986417134,0.0509342704275838
Arne,triad,least to most common,0.75,1,0.680453365396677,0.0429997524382065
Arne,triad,random,0.75,1,0.631416146277549,0.0651354310778126
Bodmin_Moor,dyad,most to least common,0.25,0,0.455105033607917,0.0316728737294063
Bodmin_Moor,dyad,least to most common,0.25,0,0.618609291528261,0.0363760995677581
Bodmin_Moor,dyad,random,0.25,0,0.540504277776231,0.0570049461670837
Bodmin_Moor,dyad,most to least common,0.25,0.25,0.485875719248346,0.0346203361628242
Bodmin_Moor,dyad,least to most common,0.25,0.25,0.631328216886527,0.0328806301473886
Bodmin_Moor,dyad,random,0.25,0.25,0.558345017533668,0.0548591038013026
Bodmin_Moor,dyad,most to least common,0.25,0.5,0.526894484300181,0.0322491380883607
Bodmin_Moor,dyad,least to most common,0.25,0.5,0.648547755978528,0.031408599417401
Bodmin_Moor,dyad,random,0.25,0.5,0.594540706791806,0.0489422427674182
Bodmin_Moor,dyad,most to least common,0.25,1,0.634347183552802,0.0351773558637651
Bodmin_Moor,dyad,least to most common,0.25,1,0.680491601960776,0.0246009596058449
Bodmin_Moor,dyad,random,0.25,1,0.652624590200343,0.039987852362946
Bodmin_Moor,dyad,most to least common,0.5,0,0.429522511796758,0.0339261149350587
Bodmin_Moor,dyad,least to most common,0.5,0,0.601492108453613,0.0389094450875769
Bodmin_Moor,dyad,random,0.5,0,0.519753663539998,0.0596995565340357
Bodmin_Moor,dyad,most to least common,0.5,0.25,0.450666809031672,0.0329209430755898
Bodmin_Moor,dyad,least to most common,0.5,0.25,0.611318400606301,0.037109695561757
Bodmin_Moor,dyad,random,0.5,0.25,0.534673749343118,0.0542599749345566
Bodmin_Moor,dyad,most to least common,0.5,0.5,0.487940429339036,0.0339061759614715
Bodmin_Moor,dyad,least to most common,0.5,0.5,0.628358019180871,0.0333587910813316
Bodmin_Moor,dyad,random,0.5,0.5,0.560403515290154,0.0537295966389149
Bodmin_Moor,dyad,most to least common,0.5,1,0.598322052133309,0.0363863073431824
Bodmin_Moor,dyad,least to most common,0.5,1,0.663775651114836,0.0272178105521717
Bodmin_Moor,dyad,random,0.5,1,0.628094797719237,0.0445186750232857
Bodmin_Moor,dyad,most to least common,0.75,0,0.398386914411308,0.03262546015444
Bodmin_Moor,dyad,least to most common,0.75,0,0.556607358562018,0.0415954715453601
Bodmin_Moor,dyad,random,0.75,0,0.476507788940559,0.0566128848041067
Bodmin_Moor,dyad,most to least common,0.75,0.25,0.414296702281704,0.032560728340268
Bodmin_Moor,dyad,least to most common,0.75,0.25,0.568108112512696,0.0368997117030244
Bodmin_Moor,dyad,random,0.75,0.25,0.486649227319726,0.0533121082624955
Bodmin_Moor,dyad,most to least common,0.75,0.5,0.439952973607886,0.0343035925491588
Bodmin_Moor,dyad,least to most common,0.75,0.5,0.581295726275406,0.036582708984371
Bodmin_Moor,dyad,random,0.75,0.5,0.513543067625002,0.0561408741210136
Bodmin_Moor,dyad,most to least common,0.75,1,0.547595411794585,0.0334547416189144
Bodmin_Moor,dyad,least to most common,0.75,1,0.622782226969065,0.0273328926276288
Bodmin_Moor,dyad,random,0.75,1,0.58548615791662,0.0459548023583241
Braunton_Burrows,dyad,most to least common,0.25,0,0.495200710038797,0.0320159794444124
Braunton_Burrows,dyad,least to most common,0.25,0,0.577344583112857,0.0328790516975095
Braunton_Burrows,dyad,random,0.25,0,0.537538453178266,0.0411027831822472
Braunton_Burrows,dyad,most to least common,0.25,0.25,0.547393174227628,0.0311548929971286
Braunton_Burrows,dyad,least to most common,0.25,0.25,0.62176903730729,0.0305216485989197
Braunton_Burrows,dyad,random,0.25,0.25,0.588250063901334,0.039393101674627
Braunton_Burrows,dyad,most to least common,0.25,0.5,0.614818586272881,0.0259101192315488
Braunton_Burrows,dyad,least to most common,0.25,0.5,0.675611687878336,0.0255934178761155
Braunton_Burrows,dyad,random,0.25,0.5,0.648894193688233,0.0355417118289957
Braunton_Burrows,dyad,most to least common,0.25,1,0.7615770287612,0.0178134162364836
Braunton_Burrows,dyad,least to most common,0.25,1,0.79421778754361,0.013351981266959
Braunton_Burrows,dyad,random,0.25,1,0.773813584624214,0.0196671135554942
Braunton_Burrows,dyad,most to least common,0.5,0,0.471999706054513,0.0301965791017462
Braunton_Burrows,dyad,least to most common,0.5,0,0.545454533497693,0.0340024286562811
Braunton_Burrows,dyad,random,0.5,0,0.509120841145442,0.0430895770341924
Braunton_Burrows,dyad,most to least common,0.5,0.25,0.509230999602804,0.030051630658682
Braunton_Burrows,dyad,least to most common,0.5,0.25,0.583284089102453,0.031277973422579
Braunton_Burrows,dyad,random,0.5,0.25,0.551570272383094,0.0427080049803905
Braunton_Burrows,dyad,most to least common,0.5,0.5,0.570420023138475,0.0285981360346248
Braunton_Burrows,dyad,least to most common,0.5,0.5,0.636070698647979,0.0290530360924908
Braunton_Burrows,dyad,random,0.5,0.5,0.603450687191347,0.0377139047732849
Braunton_Burrows,dyad,most to least common,0.5,1,0.732846954149052,0.0169581322312837
Braunton_Burrows,dyad,least to most common,0.5,1,0.766627505136137,0.0158461729604383
Braunton_Burrows,dyad,random,0.5,1,0.747459994592291,0.0216924898438803
Braunton_Burrows,dyad,most to least common,0.75,0,0.427172201195115,0.0298727347432396
Braunton_Burrows,dyad,least to most common,0.75,0,0.506338941909746,0.0339702805911307
Braunton_Burrows,dyad,random,0.75,0,0.466473380573403,0.0413453025628491
Braunton_Burrows,dyad,most to least common,0.75,0.25,0.450933361291305,0.0300309346486976
Braunton_Burrows,dyad,least to most common,0.75,0.25,0.528690974315999,0.0345531447566232
Braunton_Burrows,dyad,random,0.75,0.25,0.489870161690982,0.0393061603554082
Braunton_Burrows,dyad,most to least common,0.75,0.5,0.497018333188626,0.0299917731921563
Braunton_Burrows,dyad,least to most common,0.75,0.5,0.565219008792648,0.0316060318644902
Braunton_Burrows,dyad,random,0.75,0.5,0.530819783541596,0.0395397359212851
Braunton_Burrows,dyad,most to least common,0.75,1,0.668025663525432,0.0204321032346317
Braunton_Burrows,dyad,least to most common,0.75,1,0.718118703241637,0.0202812075197453
Braunton_Burrows,dyad,random,0.75,1,0.693331953849238,0.0272196971914744
Burnham-on-Sea,monad,most to least common,0.25,0,0.487409222224928,0.0374254559063688
Burnham-on-Sea,monad,least to most common,0.25,0,0.566504520152059,0.0385702534074257
Burnham-on-Sea,monad,random,0.25,0,0.526858433424764,0.0488591187695665
Burnham-on-Sea,monad,most to least common,0.25,0.25,0.519348595281052,0.0393883914021967
Burnham-on-Sea,monad,least to most common,0.25,0.25,0.601732212944795,0.0399174257907054
Burnham-on-Sea,monad,random,0.25,0.25,0.563632867352976,0.0498169219863997
Burnham-on-Sea,monad,most to least common,0.25,0.5,0.579737663652853,0.0422984414385698
Burnham-on-Sea,monad,least to most common,0.25,0.5,0.656856022025194,0.0430251207856088
Burnham-on-Sea,monad,random,0.25,0.5,0.618420643887864,0.0517817271954422
Burnham-on-Sea,monad,most to least common,0.25,1,0.721568789741103,0.032276949659653
Burnham-on-Sea,monad,least to most common,0.25,1,0.822245345308264,0.043884275138495
Burnham-on-Sea,monad,random,0.25,1,0.774228295073441,0.0538302295351931
Burnham-on-Sea,monad,most to least common,0.5,0,0.47742913432089,0.0381040656218053
Burnham-on-Sea,monad,least to most common,0.5,0,0.559797728895797,0.0398656713431636
Burnham-on-Sea,monad,random,0.5,0,0.516026633112896,0.0475744170398072
Burnham-on-Sea,monad,most to least common,0.5,0.25,0.509010487771516,0.039403631178033
Burnham-on-Sea,monad,least to most common,0.5,0.25,0.583549094280654,0.042447728738112
Burnham-on-Sea,monad,random,0.5,0.25,0.544105254588045,0.0500243065139624
Burnham-on-Sea,monad,most to least common,0.5,0.5,0.556547457737521,0.0478970271576775
Burnham-on-Sea,monad,least to most common,0.5,0.5,0.627100738946695,0.0499166170431278
Burnham-on-Sea,monad,random,0.5,0.5,0.598727365108758,0.0523447006090025
Burnham-on-Sea,monad,most to least common,0.5,1,0.691938854387521,0.0465077517181442
Burnham-on-Sea,monad,least to most common,0.5,1,0.789197905186382,0.0527122790288251
Burnham-on-Sea,monad,random,0.5,1,0.742877330563805,0.0615448754381767
Burnham-on-Sea,monad,most to least common,0.75,0,0.453735815100669,0.0383423762434906
Burnham-on-Sea,monad,least to most common,0.75,0,0.534833987260881,0.0406880763939555
Burnham-on-Sea,monad,random,0.75,0,0.500128433827252,0.0463475858759744
Burnham-on-Sea,monad,most to least common,0.75,0.25,0.473988784651723,0.0402447890906604
Burnham-on-Sea,monad,least to most common,0.75,0.25,0.556309746516413,0.0443109888013068
Burnham-on-Sea,monad,random,0.75,0.25,0.515036099253971,0.0522061900711348
Burnham-on-Sea,monad,most to least common,0.75,0.5,0.515530564208816,0.0488967064136778
Burnham-on-Sea,monad,least to most common,0.75,0.5,0.598718737461764,0.0525900808459235
Burnham-on-Sea,monad,random,0.75,0.5,0.55585238511285,0.0583941519309067
Burnham-on-Sea,monad,most to least common,0.75,1,0.651668368435892,0.0577049681495936
Burnham-on-Sea,monad,least to most common,0.75,1,0.744042541480139,0.061241361046069
Burnham-on-Sea,monad,random,0.75,1,0.691850795270124,0.073142278301794
Bystock,triad,most to least common,0.25,0,0.501221739670993,0.0309183865942606
Bystock,triad,least to most common,0.25,0,0.55529202696033,0.0297330712100657
Bystock,triad,random,0.25,0,0.531044373604916,0.0426311409579066
Bystock,triad,most to least common,0.25,0.25,0.539242202793525,0.0320665894717572
Bystock,triad,least to most common,0.25,0.25,0.594479902405004,0.0294431947503352
Bystock,triad,random,0.25,0.25,0.566559766549978,0.0391773294328462
Bystock,triad,most to least common,0.25,0.5,0.58776625198277,0.0270320689299553
Bystock,triad,least to most common,0.25,0.5,0.635539896245163,0.0246882999386638
Bystock,triad,random,0.25,0.5,0.60910535566099,0.0345871608181748
Bystock,triad,most to least common,0.25,1,0.681921104144713,0.0152902464763531
Bystock,triad,least to most common,0.25,1,0.715895544368421,0.0172442625996828
Bystock,triad,random,0.25,1,0.692907259605634,0.0199262506403788
Bystock,triad,most to least common,0.5,0,0.487712374118276,0.0302902978397812
Bystock,triad,least to most common,0.5,0,0.538567142598932,0.0278799966989145
Bystock,triad,random,0.5,0,0.510415593909446,0.0406034296128532
Bystock,triad,most to least common,0.5,0.25,0.515189658043156,0.0314425440591082
Bystock,triad,least to most common,0.5,0.25,0.572547253150721,0.0293659061280313
Bystock,triad,random,0.5,0.25,0.544544699517915,0.0402173683710791
Bystock,triad,most to least common,0.5,0.5,0.56213428334252,0.0281272532364334
Bystock,triad,least to most common,0.5,0.5,0.614518610397272,0.0266943418659239
Bystock,triad,random,0.5,0.5,0.586767726708316,0.0380736983087704
Bystock,triad,most to least common,0.5,1,0.670782992036469,0.0149457369706984
Bystock,triad,least to most common,0.5,1,0.705659895944346,0.0174004132705695
Bystock,triad,random,0.5,1,0.683871271054895,0.0215878111873661
Bystock,triad,most to least common,0.75,0,0.448420641635341,0.0317568307525676
Bystock,triad,least to most common,0.75,0,0.498596599615138,0.0324635917853849
Bystock,triad,random,0.75,0,0.47006146684924,0.0421298000812653
Bystock,triad,most to least common,0.75,0.25,0.466380663180635,0.0305236273608493
Bystock,triad,least to most common,0.75,0.25,0.521634916945014,0.0303453575371096
Bystock,triad,random,0.75,0.25,0.484458868430466,0.0405966800694953
Bystock,triad,most to least common,0.75,0.5,0.494629691970981,0.0300221511985193
Bystock,triad,least to most common,0.75,0.5,0.556607106485773,0.0281267532514943
Bystock,triad,random,0.75,0.5,0.520166160328782,0.0393994253283019
Bystock,triad,most to least common,0.75,1,0.623136614817117,0.0195547763398274
Bystock,triad,least to most common,0.75,1,0.673140187245932,0.0188102635820491
Bystock,triad,random,0.75,1,0.640030384952014,0.0239185188387558
Chagford_Common,dyad,most to least common,0.25,0,0.443674663580617,0.0719642867498443
Chagford_Common,dyad,least to most common,0.25,0,0.602469102756899,0.0731368020635847
Chagford_Common,dyad,random,0.25,0,0.517602307701008,0.108427026045513
Chagford_Common,dyad,most to least common,0.25,0.25,0.486397049514558,0.0624537862604664
Chagford_Common,dyad,least to most common,0.25,0.25,0.648107431183337,0.0613268505712472
Chagford_Common,dyad,random,0.25,0.25,0.578955658124111,0.0931972715521913
Chagford_Common,dyad,most to least common,0.25,0.5,0.534457228377542,0.0591230682884703
Chagford_Common,dyad,least to most common,0.25,0.5,0.696246267681165,0.0488374758722682
Chagford_Common,dyad,random,0.25,0.5,0.640304091976535,0.0752075877531222
Chagford_Common,dyad,most to least common,0.25,1,0.607703152310524,0.0579374936276097
Chagford_Common,dyad,least to most common,0.25,1,0.79722179189983,0.0135231562153384
Chagford_Common,dyad,random,0.25,1,0.756413550948333,0.0525805249942226
Chagford_Common,dyad,most to least common,0.5,0,0.439352837192224,0.067162317740275
Chagford_Common,dyad,least to most common,0.5,0,0.594350650352058,0.0749727034276012
Chagford_Common,dyad,random,0.5,0,0.517069214857039,0.116245379376718
Chagford_Common,dyad,most to least common,0.5,0.25,0.470768501050765,0.0666588595984789
Chagford_Common,dyad,least to most common,0.5,0.25,0.63017197514017,0.0678964143314912
Chagford_Common,dyad,random,0.5,0.25,0.563177933554576,0.101051854197667
Chagford_Common,dyad,most to least common,0.5,0.5,0.505773344773331,0.0594814168477987
Chagford_Common,dyad,least to most common,0.5,0.5,0.672842665232359,0.0564064249990977
Chagford_Common,dyad,random,0.5,0.5,0.605205168173664,0.0906046449198225
Chagford_Common,dyad,most to least common,0.5,1,0.593326985000675,0.0527199234287855
Chagford_Common,dyad,least to most common,0.5,1,0.77998808666577,0.020016351408501
Chagford_Common,dyad,random,0.5,1,0.728797287156132,0.0550169371552832
Chagford_Common,dyad,most to least common,0.75,0,0.412287899822466,0.0714866482410911
Chagford_Common,dyad,least to most common,0.75,0,0.561739500901449,0.0754155435783712
Chagford_Common,dyad,random,0.75,0,0.483429482973724,0.113517624771592
Chagford_Common,dyad,most to least common,0.75,0.25,0.422043098774846,0.0666957877780816
Chagford_Common,dyad,least to most common,0.75,0.25,0.589814842937165,0.0699782311188177
Chagford_Common,dyad,random,0.75,0.25,0.513555191821865,0.111945116480356
Chagford_Common,dyad,most to least common,0.75,0.5,0.450890835147008,0.0617730032553444
Chagford_Common,dyad,least to most common,0.75,0.5,0.624426996897712,0.0641005155335252
Chagford_Common,dyad,random,0.75,0.5,0.544226021173451,0.0990419951511243
Chagford_Common,dyad,most to least common,0.75,1,0.530829523174716,0.0545403508811225
Chagford_Common,dyad,least to most common,0.75,1,0.725126014120757,0.0304251055106458
Chagford_Common,dyad,random,0.75,1,0.664307867216991,0.0693965401683922
Cloud_Hill,dyad,most to least common,0.25,0,0.434429588700374,0.0437564736226997
Cloud_Hill,dyad,least to most common,0.25,0,0.620109777709351,0.0446819347886382
Cloud_Hill,dyad,random,0.25,0,0.532749120829939,0.0736840147955577
Cloud_Hill,dyad,most to least common,0.25,0.25,0.448679721231986,0.0417602105273079
Cloud_Hill,dyad,least to most common,0.25,0.25,0.638424591657032,0.0380500196718015
Cloud_Hill,dyad,random,0.25,0.25,0.5643021851074,0.0690666031894863
Cloud_Hill,dyad,most to least common,0.25,0.5,0.473744076268233,0.0379325265132016
Cloud_Hill,dyad,least to most common,0.25,0.5,0.670404436702455,0.03557596695731
Cloud_Hill,dyad,random,0.25,0.5,0.597965448476111,0.0648390335907162
Cloud_Hill,dyad,most to least common,0.25,1,0.528483198845666,0.0420015362949913
Cloud_Hill,dyad,least to most common,0.25,1,0.727022036672781,0.032379392213467
Cloud_Hill,dyad,random,0.25,1,0.678669796489361,0.0612391114930532
Cloud_Hill,dyad,most to least common,0.5,0,0.427967805301554,0.0459440622727095
Cloud_Hill,dyad,least to most common,0.5,0,0.609671430953018,0.0519721513552057
Cloud_Hill,dyad,random,0.5,0,0.522960440606828,0.0786827142056455
Cloud_Hill,dyad,most to least common,0.5,0.25,0.43946227311328,0.0440578880965522
Cloud_Hill,dyad,least to most common,0.5,0.25,0.622099234390031,0.0395988780305966
Cloud_Hill,dyad,random,0.5,0.25,0.540040391455835,0.071229142642193
Cloud_Hill,dyad,most to least common,0.5,0.5,0.459946009946027,0.038370105107412
Cloud_Hill,dyad,least to most common,0.5,0.5,0.651396861935212,0.0354410329931766
Cloud_Hill,dyad,random,0.5,0.5,0.57337357098524,0.0673975598575765
Cloud_Hill,dyad,most to least common,0.5,1,0.509153099265299,0.0388437522014122
Cloud_Hill,dyad,least to most common,0.5,1,0.707546983737674,0.0313656784557596
Cloud_Hill,dyad,random,0.5,1,0.652758884831673,0.0583502938474139
Cloud_Hill,dyad,most to least common,0.75,0,0.410408219335162,0.0416653487513738
Cloud_Hill,dyad,least to most common,0.75,0,0.593778979360137,0.049982671484896
Cloud_Hill,dyad,random,0.75,0,0.499712328767829,0.0694167206211316
Cloud_Hill,dyad,most to least common,0.75,0.25,0.411149947519107,0.0406108510451984
Cloud_Hill,dyad,least to most common,0.75,0.25,0.597568261914679,0.0436103279067621
Cloud_Hill,dyad,random,0.75,0.25,0.511003237516353,0.0679133421783533
Cloud_Hill,dyad,most to least common,0.75,0.5,0.430790363185069,0.0388736156594026
Cloud_Hill,dyad,least to most common,0.75,0.5,0.62051660046706,0.0419945889265674
Cloud_Hill,dyad,random,0.75,0.5,0.535207431420699,0.0651451548178353
Cloud_Hill,dyad,most to least common,0.75,1,0.484142314807703,0.037523675510943
Cloud_Hill,dyad,least to most common,0.75,1,0.68013879110845,0.0328873691931783
Cloud_Hill,dyad,random,0.75,1,0.610501885654258,0.0592349256656027
Dartmoor_Scrub,monad,most to least common,0.25,0,0.398905449059497,0.0563433437443784
Dartmoor_Scrub,monad,least to most common,0.25,0,0.663505038005955,0.0668839375894165
Dartmoor_Scrub,monad,random,0.25,0,0.521716350933905,0.0975157328387529
Dartmoor_Scrub,monad,most to least common,0.25,0.25,0.457989613374015,0.0547283202798805
Dartmoor_Scrub,monad,least to most common,0.25,0.25,0.688110005301331,0.0522544855742549
Dartmoor_Scrub,monad,random,0.25,0.25,0.584575597061657,0.0834007024480549
Dartmoor_Scrub,monad,most to least common,0.25,0.5,0.522469945825711,0.0518982466276147
Dartmoor_Scrub,monad,least to most common,0.25,0.5,0.722612082803769,0.0358479112573366
Dartmoor_Scrub,monad,random,0.25,0.5,0.63778034832783,0.0732524394122003
Dartmoor_Scrub,monad,most to least common,0.25,1,0.661994210517437,0.0586306476328366
Dartmoor_Scrub,monad,least to most common,0.25,1,0.767940422370562,0.0162050365189739
Dartmoor_Scrub,monad,random,0.25,1,0.724169585087636,0.0482720970064738
Dartmoor_Scrub,monad,most to least common,0.5,0,0.382109443449281,0.0568701568717411
Dartmoor_Scrub,monad,least to most common,0.5,0,0.641783254659165,0.06908731545969
Dartmoor_Scrub,monad,random,0.5,0,0.520317277361784,0.0975796865154205
Dartmoor_Scrub,monad,most to least common,0.5,0.25,0.409771941908129,0.0586369664137639
Dartmoor_Scrub,monad,least to most common,0.5,0.25,0.662427332847247,0.0621585160250894
Dartmoor_Scrub,monad,random,0.5,0.25,0.543712959488879,0.0963919415662119
Dartmoor_Scrub,monad,most to least common,0.5,0.5,0.462231072811973,0.0609308664243707
Dartmoor_Scrub,monad,least to most common,0.5,0.5,0.690334347915157,0.0527390586799004
Dartmoor_Scrub,monad,random,0.5,0.5,0.587725449207925,0.0898721460145957
Dartmoor_Scrub,monad,most to least common,0.5,1,0.605087069981467,0.0479499905921444
Dartmoor_Scrub,monad,least to most common,0.5,1,0.739365755014353,0.0254880741217295
Dartmoor_Scrub,monad,random,0.5,1,0.689913021181456,0.0558474932129703
Dartmoor_Scrub,monad,most to least common,0.75,0,0.353626376201917,0.0590573703041242
Dartmoor_Scrub,monad,least to most common,0.75,0,0.611659759847471,0.0675766855074645
Dartmoor_Scrub,monad,random,0.75,0,0.480078629064717,0.0953936251904475
Dartmoor_Scrub,monad,most to least common,0.75,0.25,0.380442496450861,0.0619118171275993
Dartmoor_Scrub,monad,least to most common,0.75,0.25,0.625486390942981,0.0693072573337719
Dartmoor_Scrub,monad,random,0.75,0.25,0.495478574128082,0.0944227832248447
Dartmoor_Scrub,monad,most to least common,0.75,0.5,0.415783806682701,0.0669428127146933
Dartmoor_Scrub,monad,least to most common,0.75,0.5,0.653123755156155,0.0584035281055586
Dartmoor_Scrub,monad,random,0.75,0.5,0.540866631547772,0.0957688821267357
Dartmoor_Scrub,monad,most to least common,0.75,1,0.551723564309394,0.0513907118160292
Dartmoor_Scrub,monad,least to most common,0.75,1,0.708771560090275,0.0416565911879941
Dartmoor_Scrub,monad,random,0.75,1,0.633061796307186,0.0664200693201398
Dolebury_Warren,triad,most to least common,0.25,0,0.501103560349733,0.0223136557383129
Dolebury_Warren,triad,least to most common,0.25,0,0.569637649006665,0.0230596242766459
Dolebury_Warren,triad,random,0.25,0,0.534323669182598,0.0341633185089804
Dolebury_Warren,triad,most to least common,0.25,0.25,0.531052376932467,0.0232712174668591
Dolebury_Warren,triad,least to most common,0.25,0.25,0.606088455207205,0.0238648433686525
Dolebury_Warren,triad,random,0.25,0.25,0.568569839764704,0.0302384810315382
Dolebury_Warren,triad,most to least common,0.25,0.5,0.568250036800211,0.0223006154498675
Dolebury_Warren,triad,least to most common,0.25,0.5,0.649068701534204,0.0245852089574939
Dolebury_Warren,triad,random,0.25,0.5,0.612794312411582,0.0301756952987984
Dolebury_Warren,triad,most to least common,0.25,1,0.651626288357514,0.0191738988472963
Dolebury_Warren,triad,least to most common,0.25,1,0.741671268644116,0.0186332719944348
Dolebury_Warren,triad,random,0.25,1,0.701743422992491,0.0263686598275974
Dolebury_Warren,triad,most to least common,0.5,0,0.477404891136561,0.0242696474493044
Dolebury_Warren,triad,least to most common,0.5,0,0.543201269883571,0.0234526121780829
Dolebury_Warren,triad,random,0.5,0,0.509496732056584,0.0331866942582739
Dolebury_Warren,triad,most to least common,0.5,0.25,0.503756241744331,0.0240492694667371
Dolebury_Warren,triad,least to most common,0.5,0.25,0.575784946002343,0.0243789206911908
Dolebury_Warren,triad,random,0.5,0.25,0.53820706178147,0.0343894572562133
Dolebury_Warren,triad,most to least common,0.5,0.5,0.540961708583634,0.0238231006962992
Dolebury_Warren,triad,least to most common,0.5,0.5,0.620583039682337,0.0262040487010343
Dolebury_Warren,triad,random,0.5,0.5,0.578993011590002,0.0325127699000777
Dolebury_Warren,triad,most to least common,0.5,1,0.641321091076188,0.0199084730012309
Dolebury_Warren,triad,least to most common,0.5,1,0.729892977880042,0.0207021880359908
Dolebury_Warren,triad,random,0.5,1,0.684833902368345,0.0270931367404956
Dolebury_Warren,triad,most to least common,0.75,0,0.430775275002826,0.0243383632310622
Dolebury_Warren,triad,least to most common,0.75,0,0.499764778647198,0.0235051688970842
Dolebury_Warren,triad,random,0.75,0,0.467385858210723,0.0317389174202145
Dolebury_Warren,triad,most to least common,0.75,0.25,0.44939344449144,0.0228861475750097
Dolebury_Warren,triad,least to most common,0.75,0.25,0.524047503258359,0.0234675464977108
Dolebury_Warren,triad,random,0.75,0.25,0.488142162125594,0.0358936556790088
Dolebury_Warren,triad,most to least common,0.75,0.5,0.480286923944711,0.0246502626252643
Dolebury_Warren,triad,least to most common,0.75,0.5,0.558264778876757,0.026496324292329
Dolebury_Warren,triad,random,0.75,0.5,0.524388920760079,0.0348957083468019
Dolebury_Warren,triad,most to least common,0.75,1,0.611056081231727,0.0187908927617701
Dolebury_Warren,triad,least to most common,0.75,1,0.696813941885196,0.0222213693199665
Dolebury_Warren,triad,random,0.75,1,0.656350864456373,0.0282205758825987
Dunkery_Hill,monad,most to least common,0.25,0,0.385146475229741,0.0596434789104746
Dunkery_Hill,monad,least to most common,0.25,0,0.680919932622918,0.0670376493319443
Dunkery_Hill,monad,random,0.25,0,0.529193591276284,0.107059589658083
Dunkery_Hill,monad,most to least common,0.25,0.25,0.464740354056705,0.0557332071624848
Dunkery_Hill,monad,least to most common,0.25,0.25,0.720374924846467,0.0505863164577768
Dunkery_Hill,monad,random,0.25,0.25,0.600269791470804,0.0839199077954764
Dunkery_Hill,monad,most to least common,0.25,0.5,0.542834382120133,0.0512508561986688
Dunkery_Hill,monad,least to most common,0.25,0.5,0.762845358074582,0.0379630395461448
Dunkery_Hill,monad,random,0.25,0.5,0.672814895351176,0.0694196652623386
Dunkery_Hill,monad,most to least common,0.25,1,0.704864634942629,0.0432657349544589
Dunkery_Hill,monad,least to most common,0.25,1,0.837100645712039,0.0175012966330479
Dunkery_Hill,monad,random,0.25,1,0.789991455572663,0.051490303644749
Dunkery_Hill,monad,most to least common,0.5,0,0.376907129833888,0.0607986477645584
Dunkery_Hill,monad,least to most common,0.5,0,0.656783992629008,0.0706825262231991
Dunkery_Hill,monad,random,0.5,0,0.502913363797869,0.0992027594546634
Dunkery_Hill,monad,most to least common,0.5,0.25,0.423803528853038,0.0592150028056405
Dunkery_Hill,monad,least to most common,0.5,0.25,0.686422500541832,0.0610424824705885
Dunkery_Hill,monad,random,0.5,0.25,0.56211337386099,0.0930649788459707
Dunkery_Hill,monad,most to least common,0.5,0.5,0.497020116318492,0.0544757931187452
Dunkery_Hill,monad,least to most common,0.5,0.5,0.732648812275392,0.0460015544703921
Dunkery_Hill,monad,random,0.5,0.5,0.615148717202994,0.079670367220534
Dunkery_Hill,monad,most to least common,0.5,1,0.665813159597248,0.0396872851633088
Dunkery_Hill,monad,least to most common,0.5,1,0.805915210503358,0.0196763175319705
Dunkery_Hill,monad,random,0.5,1,0.749926786019766,0.0485080019415279
Dunkery_Hill,monad,most to least common,0.75,0,0.342575804184498,0.0662596569799048
Dunkery_Hill,monad,least to most common,0.75,0,0.619508201709932,0.0729412530254204
Dunkery_Hill,monad,random,0.75,0,0.478815756001508,0.10661776355667
Dunkery_Hill,monad,most to least common,0.75,0.25,0.367099667240875,0.0647845378920517
Dunkery_Hill,monad,least to most common,0.75,0.25,0.644823215564875,0.0642736051154569
Dunkery_Hill,monad,random,0.75,0.25,0.504381967809747,0.102722930731465
Dunkery_Hill,monad,most to least common,0.75,0.5,0.408378663010243,0.0634852639129583
Dunkery_Hill,monad,least to most common,0.75,0.5,0.675364074807294,0.0577037732639961
Dunkery_Hill,monad,random,0.75,0.5,0.545724871166557,0.09098819524395
Dunkery_Hill,monad,most to least common,0.75,1,0.566449123930737,0.0480996314790957
Dunkery_Hill,monad,least to most common,0.75,1,0.745297351318425,0.0338218416967148
Dunkery_Hill,monad,random,0.75,1,0.658358398771609,0.0659710201278542
Forest_of_Dean,monad,most to least common,0.25,0,0.546101039902106,0.036412606573998
Forest_of_Dean,monad,least to most common,0.25,0,0.522671577922616,0.0376966317317778
Forest_of_Dean,monad,random,0.25,0,0.535910995664408,0.0441336616835104
Forest_of_Dean,monad,most to least common,0.25,0.25,0.562128562711091,0.0372555609871857
Forest_of_Dean,monad,least to most common,0.25,0.25,0.536073754641195,0.0351732065591559
Forest_of_Dean,monad,random,0.25,0.25,0.552853554278698,0.0454666013328573
Forest_of_Dean,monad,most to least common,0.25,0.5,0.59540072800534,0.0382873700466458
Forest_of_Dean,monad,least to most common,0.25,0.5,0.566444103375952,0.0371216161247687
Forest_of_Dean,monad,random,0.25,0.5,0.585451893033853,0.0457237990777192
Forest_of_Dean,monad,most to least common,0.25,1,0.686603329238179,0.0384974500046388
Forest_of_Dean,monad,least to most common,0.25,1,0.641817816191069,0.0406628361245648
Forest_of_Dean,monad,random,0.25,1,0.664093913720992,0.0439035644851543
Forest_of_Dean,monad,most to least common,0.5,0,0.520067072558086,0.0391897422706716
Forest_of_Dean,monad,least to most common,0.5,0,0.506936822166614,0.0366214699133948
Forest_of_Dean,monad,random,0.5,0,0.515318765852506,0.0430281656049824
Forest_of_Dean,monad,most to least common,0.5,0.25,0.534199333034839,0.0365726399985804
Forest_of_Dean,monad,least to most common,0.5,0.25,0.524362940625822,0.0388846625635368
Forest_of_Dean,monad,random,0.5,0.25,0.534116441285241,0.0471481326649764
Forest_of_Dean,monad,most to least common,0.5,0.5,0.56710625992271,0.0398634100437127
Forest_of_Dean,monad,least to most common,0.5,0.5,0.55845700206281,0.0362985878501741
Forest_of_Dean,monad,random,0.5,0.5,0.563476849222795,0.045400654873629
Forest_of_Dean,monad,most to least common,0.5,1,0.668803833595735,0.0393668096724332
Forest_of_Dean,monad,least to most common,0.5,1,0.640793656773605,0.0426164355394714
Forest_of_Dean,monad,random,0.5,1,0.654989656368092,0.0449683725164787
Forest_of_Dean,monad,most to least common,0.75,0,0.500698392482281,0.0382597889056265
Forest_of_Dean,monad,least to most common,0.75,0,0.47521538994458,0.0362333977562909
Forest_of_Dean,monad,random,0.75,0,0.484303888119403,0.044453788880266
Forest_of_Dean,monad,most to least common,0.75,0.25,0.509534079976764,0.0395676583747244
Forest_of_Dean,monad,least to most common,0.75,0.25,0.486667405062016,0.0362838494620375
Forest_of_Dean,monad,random,0.75,0.25,0.49911483811704,0.0442089717008574
Forest_of_Dean,monad,most to least common,0.75,0.5,0.534857498096313,0.0377755269389389
Forest_of_Dean,monad,least to most common,0.75,0.5,0.510823755999369,0.0371998329761112
Forest_of_Dean,monad,random,0.75,0.5,0.527774571473975,0.046826750350594
Forest_of_Dean,monad,most to least common,0.75,1,0.629486914733,0.0400999221719849
Forest_of_Dean,monad,least to most common,0.75,1,0.601366845961467,0.0400153757898327
Forest_of_Dean,monad,random,0.75,1,0.616093973842764,0.0469939592481777
Haddon_Hill,triad,most to least common,0.25,0,0.468049029978395,0.04695437275147
Haddon_Hill,triad,least to most common,0.25,0,0.583738244333646,0.0401951132377049
Haddon_Hill,triad,random,0.25,0,0.527888660788127,0.0691557365597155
Haddon_Hill,triad,most to least common,0.25,0.25,0.497600024618593,0.0434607817471497
Haddon_Hill,triad,least to most common,0.25,0.25,0.613411668274837,0.0402707523601787
Haddon_Hill,triad,random,0.25,0.25,0.558154927807988,0.0632559412251794
Haddon_Hill,triad,most to least common,0.25,0.5,0.532358553750839,0.035705259168046
Haddon_Hill,triad,least to most common,0.25,0.5,0.650747114661528,0.0376814638747189
Haddon_Hill,triad,random,0.25,0.5,0.594287402155934,0.0576172555921579
Haddon_Hill,triad,most to least common,0.25,1,0.600687424724672,0.029239375056553
Haddon_Hill,triad,least to most common,0.25,1,0.729577556141747,0.0371189936377332
Haddon_Hill,triad,random,0.25,1,0.669748663312105,0.0481435794167695
Haddon_Hill,triad,most to least common,0.5,0,0.456576235585474,0.0436419208507565
Haddon_Hill,triad,least to most common,0.5,0,0.563915758914241,0.0425671641843367
Haddon_Hill,triad,random,0.5,0,0.509879319444965,0.0718373746050035
Haddon_Hill,triad,most to least common,0.5,0.25,0.484321008847102,0.0418126518193733
Haddon_Hill,triad,least to most common,0.5,0.25,0.588405993551915,0.0398547336397692
Haddon_Hill,triad,random,0.5,0.25,0.541900965380827,0.065278453534445
Haddon_Hill,triad,most to least common,0.5,0.5,0.520523168954604,0.0389589507734485
Haddon_Hill,triad,least to most common,0.5,0.5,0.627296366745266,0.0389291929916803
Haddon_Hill,triad,random,0.5,0.5,0.577984727524661,0.0603549227140214
Haddon_Hill,triad,most to least common,0.5,1,0.593510713086037,0.0290992591167267
Haddon_Hill,triad,least to most common,0.5,1,0.712051912720218,0.0354549835320833
Haddon_Hill,triad,random,0.5,1,0.664168886482964,0.0504219925815592
Haddon_Hill,triad,most to least common,0.75,0,0.432025739380055,0.043892288200326
Haddon_Hill,triad,least to most common,0.75,0,0.542307340842146,0.0497582852302219
Haddon_Hill,triad,random,0.75,0,0.491181620772968,0.0721330379016349
Haddon_Hill,triad,most to least common,0.75,0.25,0.444490470608499,0.039553627510475
Haddon_Hill,triad,least to most common,0.75,0.25,0.558282764352907,0.0452770082129169
Haddon_Hill,triad,random,0.75,0.25,0.506480512973936,0.0644602137921621
Haddon_Hill,triad,most to least common,0.75,0.5,0.474758325393234,0.040632268484607
Haddon_Hill,triad,least to most common,0.75,0.5,0.5887968797442,0.0425771038375339
Haddon_Hill,triad,random,0.75,0.5,0.534414220126996,0.0621647095816264
Haddon_Hill,triad,most to least common,0.75,1,0.560343963452397,0.0288060617899956
Haddon_Hill,triad,least to most common,0.75,1,0.683440637526019,0.0366674641990892
Haddon_Hill,triad,random,0.75,1,0.628155011061959,0.0494563791875691
Hangman_Hill,triad,most to least common,0.25,0,0.461525275443814,0.040047416909486
Hangman_Hill,triad,least to most common,0.25,0,0.623930957437802,0.0390070221798205
Hangman_Hill,triad,random,0.25,0,0.550693686261151,0.069824717363363
Hangman_Hill,triad,most to least common,0.25,0.25,0.507765503985216,0.0389761302993675
Hangman_Hill,triad,least to most common,0.25,0.25,0.638067223649297,0.0394362533588208
Hangman_Hill,triad,random,0.25,0.25,0.579918406295647,0.0604959985168117
Hangman_Hill,triad,most to least common,0.25,0.5,0.579353366891449,0.0340679456428916
Hangman_Hill,triad,least to most common,0.25,0.5,0.668818922511946,0.0295635569327233
Hangman_Hill,triad,random,0.25,0.5,0.625192965601271,0.0521930949398941
Hangman_Hill,triad,most to least common,0.25,1,0.726817690823625,0.0190574164852462
Hangman_Hill,triad,least to most common,0.25,1,0.71607293016371,0.0251576510701246
Hangman_Hill,triad,random,0.25,1,0.726471956332061,0.0331075269103931
Hangman_Hill,triad,most to least common,0.5,0,0.43750341532438,0.04254627594157
Hangman_Hill,triad,least to most common,0.5,0,0.59874151796492,0.048072398345846
Hangman_Hill,triad,random,0.5,0,0.52179589900129,0.0678804208392129
Hangman_Hill,triad,most to least common,0.5,0.25,0.485018424795907,0.0424360713256839
Hangman_Hill,triad,least to most common,0.5,0.25,0.621889641689167,0.0400454195027937
Hangman_Hill,triad,random,0.5,0.25,0.555952629979153,0.0618138455109913
Hangman_Hill,triad,most to least common,0.5,0.5,0.545868358574839,0.0386068823791729
Hangman_Hill,triad,least to most common,0.5,0.5,0.654346695699038,0.0310796663198718
Hangman_Hill,triad,random,0.5,0.5,0.600921311433984,0.0581406899126738
Hangman_Hill,triad,most to least common,0.5,1,0.706716530135888,0.0203189840622906
Hangman_Hill,triad,least to most common,0.5,1,0.703855075316923,0.0249625830215148
Hangman_Hill,triad,random,0.5,1,0.70700231635451,0.0341304553568097
Hangman_Hill,triad,most to least common,0.75,0,0.402493756317913,0.0423083344597878
Hangman_Hill,triad,least to most common,0.75,0,0.558079084301793,0.043751543050367
Hangman_Hill,triad,random,0.75,0,0.475129687115625,0.0684500622967233
Hangman_Hill,triad,most to least common,0.75,0.25,0.423888432919491,0.0431818989060879
Hangman_Hill,triad,least to most common,0.75,0.25,0.57174974085972,0.041773692967011
Hangman_Hill,triad,random,0.75,0.25,0.497604776244574,0.0650338616807795
Hangman_Hill,triad,most to least common,0.75,0.5,0.468597973214066,0.0403954061843587
Hangman_Hill,triad,least to most common,0.75,0.5,0.598956037402816,0.0383579896271842
Hangman_Hill,triad,random,0.75,0.5,0.533750774570124,0.0616903765491513
Hangman_Hill,triad,most to least common,0.75,1,0.656391857835851,0.024931166666916
Hangman_Hill,triad,least to most common,0.75,1,0.671882711859111,0.0258454109702544
Hangman_Hill,triad,random,0.75,1,0.662331184734635,0.0346310544363502
Haytor,dyad,most to least common,0.25,0,0.469859163923805,0.0595309052205897
Haytor,dyad,least to most common,0.25,0,0.568156793165107,0.0563180857676465
Haytor,dyad,random,0.25,0,0.533675491072007,0.0779732188480999
Haytor,dyad,most to least common,0.25,0.25,0.51989675105484,0.0550046955509137
Haytor,dyad,least to most common,0.25,0.25,0.61420177505786,0.0488889487250993
Haytor,dyad,random,0.25,0.25,0.578733285467907,0.0659861185529363
Haytor,dyad,most to least common,0.25,0.5,0.579764145367902,0.0434226641736989
Haytor,dyad,least to most common,0.25,0.5,0.666578195795243,0.0366278862681385
Haytor,dyad,random,0.25,0.5,0.626752952326386,0.053051798232665
Haytor,dyad,most to least common,0.25,1,0.720640187960409,0.0355974462446558
Haytor,dyad,least to most common,0.25,1,0.767182299958377,0.0252134140082518
Haytor,dyad,random,0.25,1,0.746779999913597,0.0344594299369671
Haytor,dyad,most to least common,0.5,0,0.45663146661938,0.0632823638123247
Haytor,dyad,least to most common,0.5,0,0.55674824723894,0.0556267621954904
Haytor,dyad,random,0.5,0,0.510628113788325,0.080642543841067
Haytor,dyad,most to least common,0.5,0.25,0.493380948713623,0.0570079384693581
Haytor,dyad,least to most common,0.5,0.25,0.595878616839269,0.0506507922029916
Haytor,dyad,random,0.5,0.25,0.553398267187393,0.071657116107862
Haytor,dyad,most to least common,0.5,0.5,0.540823440342135,0.0488328728742659
Haytor,dyad,least to most common,0.5,0.5,0.636964052263524,0.0433568623905044
Haytor,dyad,random,0.5,0.5,0.597677605314245,0.0563118174629776
Haytor,dyad,most to least common,0.5,1,0.683323545182679,0.032079182895108
Haytor,dyad,least to most common,0.5,1,0.747938992570909,0.0242712409995467
Haytor,dyad,random,0.5,1,0.72059189213792,0.0332301188841791
Haytor,dyad,most to least common,0.75,0,0.436776909673383,0.0569520919581362
Haytor,dyad,least to most common,0.75,0,0.534496026645375,0.0611365672433559
Haytor,dyad,random,0.75,0,0.478381987404726,0.0806145576234561
Haytor,dyad,most to least common,0.75,0.25,0.463579090522124,0.055317594875346
Haytor,dyad,least to most common,0.75,0.25,0.557036623103033,0.0561741796819867
Haytor,dyad,random,0.75,0.25,0.512468233693568,0.0738534994667179
Haytor,dyad,most to least common,0.75,0.5,0.498072693427758,0.0535734830422
Haytor,dyad,least to most common,0.75,0.5,0.603301198617472,0.0511307963949355
Haytor,dyad,random,0.75,0.5,0.544974343996938,0.0706237020984995
Haytor,dyad,most to least common,0.75,1,0.634389930086502,0.0353536322967611
Haytor,dyad,least to most common,0.75,1,0.711862282804154,0.0288920650736641
Haytor,dyad,random,0.75,1,0.675150066611312,0.0417527367646422
Hells_Mouth,monad,most to least common,0.25,0,0.421066892105483,0.0384602618981
Hells_Mouth,monad,least to most common,0.25,0,0.615513894996974,0.0481194814755208
Hells_Mouth,monad,random,0.25,0,0.516102591011615,0.0632538714190265
Hells_Mouth,monad,most to least common,0.25,0.25,0.463039506339296,0.0447861237763083
Hells_Mouth,monad,least to most common,0.25,0.25,0.64905862082549,0.0404312663582789
Hells_Mouth,monad,random,0.25,0.25,0.552279397542591,0.0598163880305374
Hells_Mouth,monad,most to least common,0.25,0.5,0.523837606000183,0.0398989730791085
Hells_Mouth,monad,least to most common,0.25,0.5,0.676003935465738,0.0364618799279138
Hells_Mouth,monad,random,0.25,0.5,0.597705730633086,0.0495918580684823
Hells_Mouth,monad,most to least common,0.25,1,0.688641169375522,0.0365835304050346
Hells_Mouth,monad,least to most common,0.25,1,0.74179091892577,0.0300045692171924
Hells_Mouth,monad,random,0.25,1,0.707187022778063,0.0414573073864656
Hells_Mouth,monad,most to least common,0.5,0,0.405082672293851,0.039779537521017
Hells_Mouth,monad,least to most common,0.5,0,0.598529474226803,0.0513561008630221
Hells_Mouth,monad,random,0.5,0,0.506296152584652,0.0708044635294588
Hells_Mouth,monad,most to least common,0.5,0.25,0.437467919337239,0.041320479798861
Hells_Mouth,monad,least to most common,0.5,0.25,0.625039726538666,0.0458314676536959
Hells_Mouth,monad,random,0.5,0.25,0.533919480550165,0.0640821832233695
Hells_Mouth,monad,most to least common,0.5,0.5,0.494067791239311,0.042999591027727
Hells_Mouth,monad,least to most common,0.5,0.5,0.660342957512587,0.0390500323517628
Hells_Mouth,monad,random,0.5,0.5,0.578164819193932,0.0580227197681823
Hells_Mouth,monad,most to least common,0.5,1,0.658580161714627,0.03808880503313
Hells_Mouth,monad,least to most common,0.5,1,0.723858526321154,0.0314032716927781
Hells_Mouth,monad,random,0.5,1,0.687735205594882,0.0425287148209237
Hells_Mouth,monad,most to least common,0.75,0,0.386631587054465,0.0389556702733451
Hells_Mouth,monad,least to most common,0.75,0,0.57823853564167,0.0481564493776242
Hells_Mouth,monad,random,0.75,0,0.482182144735666,0.0649769574088032
Hells_Mouth,monad,most to least common,0.75,0.25,0.407487473958545,0.0437120565240678
Hells_Mouth,monad,least to most common,0.75,0.25,0.602193823514042,0.0447420813640116
Hells_Mouth,monad,random,0.75,0.25,0.504917409311666,0.0669031584348334
Hells_Mouth,monad,most to least common,0.75,0.5,0.445243093346125,0.0436454901723596
Hells_Mouth,monad,least to most common,0.75,0.5,0.631485979383074,0.0379605058190809
Hells_Mouth,monad,random,0.75,0.5,0.539474909852736,0.0677184323778891
Hells_Mouth,monad,most to least common,0.75,1,0.617822663815739,0.0373605479867383
Hells_Mouth,monad,least to most common,0.75,1,0.70578696765111,0.0319374595334488
Hells_Mouth,monad,random,0.75,1,0.658554852249791,0.0426697722659741
Leigh_Woods,monad,most to least common,0.25,0,0.540094969098149,0.0470217573946782
Leigh_Woods,monad,least to most common,0.25,0,0.518089266992808,0.0449779985692582
Leigh_Woods,monad,random,0.25,0,0.527575330734153,0.0562381055193816
Leigh_Woods,monad,most to least common,0.25,0.25,0.535310133113741,0.0495277268525385
Leigh_Woods,monad,least to most common,0.25,0.25,0.528002241590791,0.045466655954794
Leigh_Woods,monad,random,0.25,0.25,0.530036683909215,0.0580370355349148
Leigh_Woods,monad,most to least common,0.25,0.5,0.548087512311178,0.0551665005322525
Leigh_Woods,monad,least to most common,0.25,0.5,0.5508949811104,0.0455879310469311
Leigh_Woods,monad,random,0.25,0.5,0.545690601918299,0.0594506981436952
Leigh_Woods,monad,most to least common,0.25,1,0.5722489034329,0.0563379673799835
Leigh_Woods,monad,least to most common,0.25,1,0.576878916454731,0.0467717543157353
Leigh_Woods,monad,random,0.25,1,0.562712258379622,0.0647709916522254
Leigh_Woods,monad,most to least common,0.5,0,0.538053286673675,0.0477920691793506
Leigh_Woods,monad,least to most common,0.5,0,0.505291500282857,0.0448655894855816
Leigh_Woods,monad,random,0.5,0,0.517721614240354,0.0583995208897911
Leigh_Woods,monad,most to least common,0.5,0.25,0.532071239434415,0.0519857727323646
Leigh_Woods,monad,least to most common,0.5,0.25,0.504031783880585,0.0434245995088771
Leigh_Woods,monad,random,0.5,0.25,0.514333147724512,0.0614916849051311
Leigh_Woods,monad,most to least common,0.5,0.5,0.546409562754674,0.0545675777558864
Leigh_Woods,monad,least to most common,0.5,0.5,0.522158928011279,0.0441787070197951
Leigh_Woods,monad,random,0.5,0.5,0.531663515669097,0.0623008291982444
Leigh_Woods,monad,most to least common,0.5,1,0.567744561265668,0.056871812911557
Leigh_Woods,monad,least to most common,0.5,1,0.541613849414773,0.0402310350774046
Leigh_Woods,monad,random,0.5,1,0.547707259658986,0.0625600309381614
Leigh_Woods,monad,most to least common,0.75,0,0.516686310383329,0.0429112713327883
Leigh_Woods,monad,least to most common,0.75,0,0.498462285676305,0.0448494415756177
Leigh_Woods,monad,random,0.75,0,0.506341597291643,0.0562178538145666
Leigh_Woods,monad,most to least common,0.75,0.25,0.505474125270273,0.045482259649763
Leigh_Woods,monad,least to most common,0.75,0.25,0.490893270231243,0.0435467532654822
Leigh_Woods,monad,random,0.75,0.25,0.496723670736637,0.0601195586878094
Leigh_Woods,monad,most to least common,0.75,0.5,0.517522270282622,0.0487540804591886
Leigh_Woods,monad,least to most common,0.75,0.5,0.499490639635165,0.0432297957216063
Leigh_Woods,monad,random,0.75,0.5,0.506598885447213,0.0587381806676336
Leigh_Woods,monad,most to least common,0.75,1,0.523482381410151,0.0476553039193194
Leigh_Woods,monad,least to most common,0.75,1,0.518935540072743,0.0408175168064395
Leigh_Woods,monad,random,0.75,1,0.525284718258314,0.0553225765148511
Lytchett_Bay,triad,most to least common,0.25,0,0.525679789824021,0.053130704190009
Lytchett_Bay,triad,least to most common,0.25,0,0.515415243199907,0.0578277984062862
Lytchett_Bay,triad,random,0.25,0,0.53270837887164,0.0687661707615223
Lytchett_Bay,triad,most to least common,0.25,0.25,0.563678831409953,0.0469357022319026
Lytchett_Bay,triad,least to most common,0.25,0.25,0.551570851020432,0.0535182447873381
Lytchett_Bay,triad,random,0.25,0.25,0.55887033962492,0.0614985318929563
Lytchett_Bay,triad,most to least common,0.25,0.5,0.610179212129925,0.0421162177080142
Lytchett_Bay,triad,least to most common,0.25,0.5,0.58407826707898,0.0475134000703696
Lytchett_Bay,triad,random,0.25,0.5,0.604464313796043,0.0560993582358434
Lytchett_Bay,triad,most to least common,0.25,1,0.714784052288115,0.0218591395727444
Lytchett_Bay,triad,least to most common,0.25,1,0.692877686054924,0.032395392705249
Lytchett_Bay,triad,random,0.25,1,0.712053247980718,0.0314894229471626
Lytchett_Bay,triad,most to least common,0.5,0,0.512293459849311,0.050263507359113
Lytchett_Bay,triad,least to most common,0.5,0,0.50563075991751,0.0521382552240524
Lytchett_Bay,triad,random,0.5,0,0.503613316285788,0.0647070862409884
Lytchett_Bay,triad,most to least common,0.5,0.25,0.547385738074743,0.0501776148448316
Lytchett_Bay,triad,least to most common,0.5,0.25,0.533352984888266,0.0543146912902602
Lytchett_Bay,triad,random,0.5,0.25,0.543782345701249,0.064135326670285
Lytchett_Bay,triad,most to least common,0.5,0.5,0.593291098442147,0.0425775812654154
Lytchett_Bay,triad,least to most common,0.5,0.5,0.573912183116519,0.0511529782842821
Lytchett_Bay,triad,random,0.5,0.5,0.587332670532536,0.058246552514883
Lytchett_Bay,triad,most to least common,0.5,1,0.702457538360444,0.0251211638156289
Lytchett_Bay,triad,least to most common,0.5,1,0.678244510487321,0.0332222715409993
Lytchett_Bay,triad,random,0.5,1,0.70260490792099,0.0341923246068213
Lytchett_Bay,triad,most to least common,0.75,0,0.484674422123053,0.0602228672601242
Lytchett_Bay,triad,least to most common,0.75,0,0.477112947146868,0.0521031548773007
Lytchett_Bay,triad,random,0.75,0,0.481350036885978,0.067865436664143
Lytchett_Bay,triad,most to least common,0.75,0.25,0.522286797221005,0.0529421971512999
Lytchett_Bay,triad,least to most common,0.75,0.25,0.499789798345695,0.0550869431754516
Lytchett_Bay,triad,random,0.75,0.25,0.501719649715661,0.0661961282769871
Lytchett_Bay,triad,most to least common,0.75,0.5,0.557886890915136,0.0496283000104875
Lytchett_Bay,triad,least to most common,0.75,0.5,0.536561462693671,0.0519343973373371
Lytchett_Bay,triad,random,0.75,0.5,0.545056189250134,0.062557315344628
Lytchett_Bay,triad,most to least common,0.75,1,0.680337506893849,0.0270163768870403
Lytchett_Bay,triad,least to most common,0.75,1,0.651895722792263,0.0329808477362753
Lytchett_Bay,triad,random,0.75,1,0.674248082212387,0.0378236789599983
Merthyr_Mawr,triad,most to least common,0.25,0,0.536646452408777,0.0537519063595889
Merthyr_Mawr,triad,least to most common,0.25,0,0.525098776596449,0.0513004054711495
Merthyr_Mawr,triad,random,0.25,0,0.525957203296657,0.07196223652058
Merthyr_Mawr,triad,most to least common,0.25,0.25,0.572180335416402,0.0511064400382352
Merthyr_Mawr,triad,least to most common,0.25,0.25,0.558218977425696,0.0477272668475487
Merthyr_Mawr,triad,random,0.25,0.25,0.574260134508334,0.061027506480611
Merthyr_Mawr,triad,most to least common,0.25,0.5,0.618861992396499,0.0408483834408514
Merthyr_Mawr,triad,least to most common,0.25,0.5,0.620503684279,0.0415089287949146
Merthyr_Mawr,triad,random,0.25,0.5,0.620010898680138,0.0503844131190457
Merthyr_Mawr,triad,most to least common,0.25,1,0.704911723303354,0.021193346182052
Merthyr_Mawr,triad,least to most common,0.25,1,0.75224925082779,0.0287198934382571
Merthyr_Mawr,triad,random,0.25,1,0.731556043634242,0.0306342903858768
Merthyr_Mawr,triad,most to least common,0.5,0,0.520272805810707,0.0583252885464042
Merthyr_Mawr,triad,least to most common,0.5,0,0.503063967967491,0.0536768629090683
Merthyr_Mawr,triad,random,0.5,0,0.50678072848723,0.0756180616897594
Merthyr_Mawr,triad,most to least common,0.5,0.25,0.549790216785586,0.053186148147626
Merthyr_Mawr,triad,least to most common,0.5,0.25,0.536985378966568,0.0504861476096265
Merthyr_Mawr,triad,random,0.5,0.25,0.540218223764716,0.0670829644580966
Merthyr_Mawr,triad,most to least common,0.5,0.5,0.586148025164758,0.0478903150236784
Merthyr_Mawr,triad,least to most common,0.5,0.5,0.583381657279597,0.0454346255834214
Merthyr_Mawr,triad,random,0.5,0.5,0.59234628902073,0.0548801951410179
Merthyr_Mawr,triad,most to least common,0.5,1,0.689111375671643,0.0252367500891579
Merthyr_Mawr,triad,least to most common,0.5,1,0.73029855805672,0.0275662932607553
Merthyr_Mawr,triad,random,0.5,1,0.714010956394297,0.0294623534398421
Merthyr_Mawr,triad,most to least common,0.75,0,0.482122630955883,0.054770418063801
Merthyr_Mawr,triad,least to most common,0.75,0,0.472472558022678,0.0543141928293288
Merthyr_Mawr,triad,random,0.75,0,0.482700914518015,0.069609904788794
Merthyr_Mawr,triad,most to least common,0.75,0.25,0.502409142693822,0.0519736530242075
Merthyr_Mawr,triad,least to most common,0.75,0.25,0.486614213118771,0.0533538118241726
Merthyr_Mawr,triad,random,0.75,0.25,0.498084312382936,0.0657439972941794
Merthyr_Mawr,triad,most to least common,0.75,0.5,0.531660329146744,0.0491156511635475
Merthyr_Mawr,triad,least to most common,0.75,0.5,0.531769715358118,0.0532391810930142
Merthyr_Mawr,triad,random,0.75,0.5,0.537150854306443,0.0631368516763559
Merthyr_Mawr,triad,most to least common,0.75,1,0.64474780599536,0.027778910779614
Merthyr_Mawr,triad,least to most common,0.75,1,0.684422622137847,0.0302250568755733
Merthyr_Mawr,triad,random,0.75,1,0.667875573104661,0.0361840796749538
North_Hill,dyad,most to least common,0.25,0,0.410098907452098,0.0390754772206036
North_Hill,dyad,least to most common,0.25,0,0.63119074251596,0.0448437484645325
North_Hill,dyad,random,0.25,0,0.52765407419106,0.0786033237427228
North_Hill,dyad,most to least common,0.25,0.25,0.451497238821928,0.041526020916386
North_Hill,dyad,least to most common,0.25,0.25,0.668830638259428,0.0455270771211018
North_Hill,dyad,random,0.25,0.25,0.567756770375014,0.0825084501107682
North_Hill,dyad,most to least common,0.25,0.5,0.50612845881668,0.041947813118909
North_Hill,dyad,least to most common,0.25,0.5,0.708054935241195,0.0409981403474889
North_Hill,dyad,random,0.25,0.5,0.608178127476254,0.0824407542925699
North_Hill,dyad,most to least common,0.25,1,0.637087560218467,0.0417438660569041
North_Hill,dyad,least to most common,0.25,1,0.800724855131824,0.0252124349108249
North_Hill,dyad,random,0.25,1,0.711714741448877,0.0651759667023392
North_Hill,dyad,most to least common,0.5,0,0.386943020751052,0.0376346832801814
North_Hill,dyad,least to most common,0.5,0,0.604044023957184,0.0385755821809106
North_Hill,dyad,random,0.5,0,0.499061003501889,0.0726413134165423
North_Hill,dyad,most to least common,0.5,0.25,0.424900193766522,0.0401210946928031
North_Hill,dyad,least to most common,0.5,0.25,0.643244676343067,0.0382680589350647
North_Hill,dyad,random,0.5,0.25,0.536727045429768,0.076173601310038
North_Hill,dyad,most to least common,0.5,0.5,0.472399154757973,0.0395421042100399
North_Hill,dyad,least to most common,0.5,0.5,0.68317612497541,0.0364179811388843
North_Hill,dyad,random,0.5,0.5,0.583268614206297,0.0749523836951849
North_Hill,dyad,most to least common,0.5,1,0.605954151260623,0.0376317617914373
North_Hill,dyad,least to most common,0.5,1,0.769144355380303,0.0225216627108954
North_Hill,dyad,random,0.5,1,0.682075236910461,0.0617339620200997
North_Hill,dyad,most to least common,0.75,0,0.360975742498876,0.0404223573214009
North_Hill,dyad,least to most common,0.75,0,0.579484864355863,0.0377722210346401
North_Hill,dyad,random,0.75,0,0.467082704927402,0.0777782555145489
North_Hill,dyad,most to least common,0.75,0.25,0.379092838805841,0.0397706459454279
North_Hill,dyad,least to most common,0.75,0.25,0.597976336468509,0.0388554121578126
North_Hill,dyad,random,0.75,0.25,0.496487038508611,0.0785976541967415
North_Hill,dyad,most to least common,0.75,0.5,0.401376380719154,0.0380565300399927
North_Hill,dyad,least to most common,0.75,0.5,0.634355794021557,0.0371269302975641
North_Hill,dyad,random,0.75,0.5,0.524135310515492,0.0722776748931015
North_Hill,dyad,most to least common,0.75,1,0.519449110195818,0.0445120377123227
North_Hill,dyad,least to most common,0.75,1,0.735495040243096,0.0244445878713028
North_Hill,dyad,random,0.75,1,0.630340542729631,0.063110876614192
Oxwich_Bay,triad,most to least common,0.25,0,0.489985603390301,0.0337427362395467
Oxwich_Bay,triad,least to most common,0.25,0,0.578522380690662,0.0319461001311534
Oxwich_Bay,triad,random,0.25,0,0.535262551559916,0.0431366552144096
Oxwich_Bay,triad,most to least common,0.25,0.25,0.522628111749677,0.032413377709674
Oxwich_Bay,triad,least to most common,0.25,0.25,0.612483475643721,0.027707052763652
Oxwich_Bay,triad,random,0.25,0.25,0.574100484553551,0.0406906816131039
Oxwich_Bay,triad,most to least common,0.25,0.5,0.568082877333604,0.0309108617191398
Oxwich_Bay,triad,least to most common,0.25,0.5,0.654364097774022,0.0243660974246392
Oxwich_Bay,triad,random,0.25,0.5,0.619056039506569,0.0340245132974812
Oxwich_Bay,triad,most to least common,0.25,1,0.686996337048696,0.0205152584375079
Oxwich_Bay,triad,least to most common,0.25,1,0.748362883463279,0.0198220430889985
Oxwich_Bay,triad,random,0.25,1,0.718025057958809,0.025613501501606
Oxwich_Bay,triad,most to least common,0.5,0,0.461295587906611,0.0355969487925955
Oxwich_Bay,triad,least to most common,0.5,0,0.562822169578204,0.0334883375156144
Oxwich_Bay,triad,random,0.5,0,0.511180686238653,0.0432573400576984
Oxwich_Bay,triad,most to least common,0.5,0.25,0.49164171951629,0.0333707949182036
Oxwich_Bay,triad,least to most common,0.5,0.25,0.591122496216927,0.0293957666838589
Oxwich_Bay,triad,random,0.5,0.25,0.545317480944616,0.0406548154364926
Oxwich_Bay,triad,most to least common,0.5,0.5,0.533712383061753,0.030581908787509
Oxwich_Bay,triad,least to most common,0.5,0.5,0.62848031438547,0.0286632249457683
Oxwich_Bay,triad,random,0.5,0.5,0.590529088571977,0.0378132081312436
Oxwich_Bay,triad,most to least common,0.5,1,0.671419942139287,0.0177340958359007
Oxwich_Bay,triad,least to most common,0.5,1,0.734011500794686,0.0193443356421623
Oxwich_Bay,triad,random,0.5,1,0.704770613461704,0.0257023760279486
Oxwich_Bay,triad,most to least common,0.75,0,0.427732944576614,0.0339233213189091
Oxwich_Bay,triad,least to most common,0.75,0,0.5150743792298,0.0370039561517483
Oxwich_Bay,triad,random,0.75,0,0.46556959145459,0.0410181842271312
Oxwich_Bay,triad,most to least common,0.75,0.25,0.445309224524431,0.0324046209496153
Oxwich_Bay,triad,least to most common,0.75,0.25,0.539070152861185,0.0364365848576247
Oxwich_Bay,triad,random,0.75,0.25,0.491840984853702,0.0445924247099465
Oxwich_Bay,triad,most to least common,0.75,0.5,0.48021482921489,0.0316544376483347
Oxwich_Bay,triad,least to most common,0.75,0.5,0.573139261351834,0.0335615655752884
Oxwich_Bay,triad,random,0.75,0.5,0.528625992466002,0.0387006631814881
Oxwich_Bay,triad,most to least common,0.75,1,0.62764636393264,0.0195666745429617
Oxwich_Bay,triad,least to most common,0.75,1,0.699177669835856,0.0196328555218273
Oxwich_Bay,triad,random,0.75,1,0.665972339054082,0.0265614398807175
Pembrey,dyad,most to least common,0.25,0,0.489882786957174,0.0229012510225253
Pembrey,dyad,least to most common,0.25,0,0.581198837017373,0.0243322260430098
Pembrey,dyad,random,0.25,0,0.539964498935689,0.0363445744267903
Pembrey,dyad,most to least common,0.25,0.25,0.535985485430565,0.0252140499752223
Pembrey,dyad,least to most common,0.25,0.25,0.616497285284629,0.0224559777485274
Pembrey,dyad,random,0.25,0.25,0.580826402064581,0.032901542675812
Pembrey,dyad,most to least common,0.25,0.5,0.595188421665394,0.0237254858287141
Pembrey,dyad,least to most common,0.25,0.5,0.657774919283894,0.0198951912971501
Pembrey,dyad,random,0.25,0.5,0.631225298159934,0.0274717796348704
Pembrey,dyad,most to least common,0.25,1,0.720173334753599,0.020171869112281
Pembrey,dyad,least to most common,0.25,1,0.745856668521991,0.0166046227049598
Pembrey,dyad,random,0.25,1,0.739697264994647,0.0192490867548745
Pembrey,dyad,most to least common,0.5,0,0.463262910637638,0.0258778916775272
Pembrey,dyad,least to most common,0.5,0,0.556270730187294,0.0277164748757837
Pembrey,dyad,random,0.5,0,0.512394476656701,0.0354034224574679
Pembrey,dyad,most to least common,0.5,0.25,0.504408689962135,0.0267606822027189
Pembrey,dyad,least to most common,0.5,0.25,0.591493028145399,0.0260778158222083
Pembrey,dyad,random,0.5,0.25,0.55017460946044,0.0343725647065455
Pembrey,dyad,most to least common,0.5,0.5,0.562910834955812,0.025496586228695
Pembrey,dyad,least to most common,0.5,0.5,0.634538371461143,0.0216255727351666
Pembrey,dyad,random,0.5,0.5,0.599627231910647,0.0330753258457868
Pembrey,dyad,most to least common,0.5,1,0.704659052275868,0.0207035017039861
Pembrey,dyad,least to most common,0.5,1,0.739554435906902,0.0156354929462035
Pembrey,dyad,random,0.5,1,0.726193529040157,0.0208385215767379
Pembrey,dyad,most to least common,0.75,0,0.424797552235727,0.0225436552585881
Pembrey,dyad,least to most common,0.75,0,0.517519645458781,0.0258603103896716
Pembrey,dyad,random,0.75,0,0.467673430063959,0.0338269812266064
Pembrey,dyad,most to least common,0.75,0.25,0.451333287056477,0.0243959092759791
Pembrey,dyad,least to most common,0.75,0.25,0.543301984233641,0.0257294800751733
Pembrey,dyad,random,0.75,0.25,0.494857553121159,0.034313934578724
Pembrey,dyad,most to least common,0.75,0.5,0.490186380003776,0.0256843664725399
Pembrey,dyad,least to most common,0.75,0.5,0.577701644008232,0.0249932549230844
Pembrey,dyad,random,0.75,0.5,0.536321649898587,0.0354508989624456
Pembrey,dyad,most to least common,0.75,1,0.658640303330277,0.0208234722093927
Pembrey,dyad,least to most common,0.75,1,0.70425232288016,0.0159256816224792
Pembrey,dyad,random,0.75,1,0.684474172339958,0.0220467795287885
Penhale_Sands,monad,most to least common,0.25,0,0.458750954390679,0.0375850760864782
Penhale_Sands,monad,least to most common,0.25,0,0.583351686762997,0.0437385549824948
Penhale_Sands,monad,random,0.25,0,0.520500476957956,0.0580470528962902
Penhale_Sands,monad,most to least common,0.25,0.25,0.511512900202414,0.0366797921161463
Penhale_Sands,monad,least to most common,0.25,0.25,0.612882088406849,0.043657047173263
Penhale_Sands,monad,random,0.25,0.25,0.564189216166856,0.0545569043004608
Penhale_Sands,monad,most to least common,0.25,0.5,0.569675366294987,0.0338723206158005
Penhale_Sands,monad,least to most common,0.25,0.5,0.650722929470718,0.0342636196178734
Penhale_Sands,monad,random,0.25,0.5,0.615187090262612,0.0467075662788192
Penhale_Sands,monad,most to least common,0.25,1,0.728047468171489,0.0209110924026079
Penhale_Sands,monad,least to most common,0.25,1,0.723755604751044,0.022782969533962
Penhale_Sands,monad,random,0.25,1,0.734558037109602,0.0251701411260297
Penhale_Sands,monad,most to least common,0.5,0,0.439348851733459,0.0401449414098366
Penhale_Sands,monad,least to most common,0.5,0,0.569929582594446,0.0455394724535756
Penhale_Sands,monad,random,0.5,0,0.506136111191429,0.0596866867929038
Penhale_Sands,monad,most to least common,0.5,0.25,0.467382004114302,0.0381933873446363
Penhale_Sands,monad,least to most common,0.5,0.25,0.587406350519971,0.0436306513411466
Penhale_Sands,monad,random,0.5,0.25,0.532076820609886,0.0541616648444985
Penhale_Sands,monad,most to least common,0.5,0.5,0.517291193468333,0.0367372079910812
Penhale_Sands,monad,least to most common,0.5,0.5,0.619024510495753,0.0380755206771587
Penhale_Sands,monad,random,0.5,0.5,0.576307981512213,0.0505688778610333
Penhale_Sands,monad,most to least common,0.5,1,0.684759484162679,0.0236991198361978
Penhale_Sands,monad,least to most common,0.5,1,0.699537005731262,0.0236451300522394
Penhale_Sands,monad,random,0.5,1,0.699553700100793,0.0287558598901936
Penhale_Sands,monad,most to least common,0.75,0,0.41787674547193,0.03849863455605
Penhale_Sands,monad,least to most common,0.75,0,0.532965227282073,0.04644895673903
Penhale_Sands,monad,random,0.75,0,0.475344269724383,0.0559366726537694
Penhale_Sands,monad,most to least common,0.75,0.25,0.438838684967665,0.0362231822949814
Penhale_Sands,monad,least to most common,0.75,0.25,0.557208056761945,0.0470014036666355
Penhale_Sands,monad,random,0.75,0.25,0.497912054220084,0.0548683941071203
Penhale_Sands,monad,most to least common,0.75,0.5,0.474317283148371,0.0373062424498363
Penhale_Sands,monad,least to most common,0.75,0.5,0.586725449073938,0.0417674926678592
Penhale_Sands,monad,random,0.75,0.5,0.533004513723717,0.0522762469989576
Penhale_Sands,monad,most to least common,0.75,1,0.619166624459046,0.0273370075364732
Penhale_Sands,monad,least to most common,0.75,1,0.666346987200635,0.0252943170657222
Penhale_Sands,monad,random,0.75,1,0.649120818211988,0.0342832224230512
Pewsey_Downs,monad,most to least common,0.25,0,0.490207464172066,0.0290694918195198
Pewsey_Downs,monad,least to most common,0.25,0,0.594920002506536,0.0345239390712793
Pewsey_Downs,monad,random,0.25,0,0.542991315555694,0.0424134102887634
Pewsey_Downs,monad,most to least common,0.25,0.25,0.539794883990115,0.030130297479769
Pewsey_Downs,monad,least to most common,0.25,0.25,0.644587126591933,0.0317335888480901
Pewsey_Downs,monad,random,0.25,0.25,0.595182561058549,0.0398024780298411
Pewsey_Downs,monad,most to least common,0.25,0.5,0.603424775346096,0.0280607470815852
Pewsey_Downs,monad,least to most common,0.25,0.5,0.698889519391904,0.0263432210899052
Pewsey_Downs,monad,random,0.25,0.5,0.656450065059018,0.0349401162871797
Pewsey_Downs,monad,most to least common,0.25,1,0.752839179863503,0.027468342448056
Pewsey_Downs,monad,least to most common,0.25,1,0.812515684070688,0.0178301582145846
Pewsey_Downs,monad,random,0.25,1,0.782755462203154,0.0245101566980356
Pewsey_Downs,monad,most to least common,0.5,0,0.456145579456319,0.0312193506339623
Pewsey_Downs,monad,least to most common,0.5,0,0.569831780990399,0.0354865257508358
Pewsey_Downs,monad,random,0.5,0,0.51533057874513,0.0422984235993807
Pewsey_Downs,monad,most to least common,0.5,0.25,0.501443339238921,0.0327611349451468
Pewsey_Downs,monad,least to most common,0.5,0.25,0.608154385423539,0.0331144704773793
Pewsey_Downs,monad,random,0.5,0.25,0.558751315344887,0.0422815510659427
Pewsey_Downs,monad,most to least common,0.5,0.5,0.563130840419036,0.02960562525138
Pewsey_Downs,monad,least to most common,0.5,0.5,0.661773706631383,0.029507627204363
Pewsey_Downs,monad,random,0.5,0.5,0.615361151527128,0.0376471530424594
Pewsey_Downs,monad,most to least common,0.5,1,0.726576479246805,0.0229235129521972
Pewsey_Downs,monad,least to most common,0.5,1,0.788691141192083,0.0186636713496008
Pewsey_Downs,monad,random,0.5,1,0.75880607664585,0.0248904367090433
Pewsey_Downs,monad,most to least common,0.75,0,0.418276683473859,0.0304237486601112
Pewsey_Downs,monad,least to most common,0.75,0,0.519388486144207,0.0349096685867911
Pewsey_Downs,monad,random,0.75,0,0.465477675682619,0.0431745526945396
Pewsey_Downs,monad,most to least common,0.75,0.25,0.446077809512749,0.0316742003422911
Pewsey_Downs,monad,least to most common,0.75,0.25,0.550034325590346,0.0347539282044539
Pewsey_Downs,monad,random,0.75,0.25,0.495821802486471,0.0405556505705174
Pewsey_Downs,monad,most to least common,0.75,0.5,0.489144268413744,0.030876892752648
Pewsey_Downs,monad,least to most common,0.75,0.5,0.597299829298088,0.0332083226334127
Pewsey_Downs,monad,random,0.75,0.5,0.54363284496986,0.0424390918439586
Pewsey_Downs,monad,most to least common,0.75,1,0.668619550927254,0.02144972683762
Pewsey_Downs,monad,least to most common,0.75,1,0.748720870097995,0.0216066720893039
Pewsey_Downs,monad,random,0.75,1,0.710411967532648,0.0263359799139145
Seet_Bridge,dyad,most to least common,0.25,0,0.541040511681212,0.0324643395844425
Seet_Bridge,dyad,least to most common,0.25,0,0.5073023957088,0.0335291007684382
Seet_Bridge,dyad,random,0.25,0,0.526996906404582,0.0392151915967058
Seet_Bridge,dyad,most to least common,0.25,0.25,0.570286240115317,0.0305875970526656
Seet_Bridge,dyad,least to most common,0.25,0.25,0.530449657640368,0.0326947460557252
Seet_Bridge,dyad,random,0.25,0.25,0.556386943747459,0.0381550908558661
Seet_Bridge,dyad,most to least common,0.25,0.5,0.609859023900636,0.0310356517873448
Seet_Bridge,dyad,least to most common,0.25,0.5,0.573595159775028,0.0309786164845373
Seet_Bridge,dyad,random,0.25,0.5,0.597098989962255,0.0356894055966685
Seet_Bridge,dyad,most to least common,0.25,1,0.701220996522986,0.0270701564657189
Seet_Bridge,dyad,least to most common,0.25,1,0.682615251668765,0.0334613476399847
Seet_Bridge,dyad,random,0.25,1,0.701086128634023,0.0350630741795181
Seet_Bridge,dyad,most to least common,0.5,0,0.531482523981949,0.0306520340180117
Seet_Bridge,dyad,least to most common,0.5,0,0.49749803622072,0.0312471010174772
Seet_Bridge,dyad,random,0.5,0,0.513651439985074,0.0375022715555682
Seet_Bridge,dyad,most to least common,0.5,0.25,0.551120285274157,0.0317262665325385
Seet_Bridge,dyad,least to most common,0.5,0.25,0.516318241108018,0.031892870867481
Seet_Bridge,dyad,random,0.5,0.25,0.536790042393709,0.0381746281761963
Seet_Bridge,dyad,most to least common,0.5,0.5,0.588076514837521,0.0301677608457916
Seet_Bridge,dyad,least to most common,0.5,0.5,0.554215606338312,0.0348856103728267
Seet_Bridge,dyad,random,0.5,0.5,0.576595337058719,0.0365986776180964
Seet_Bridge,dyad,most to least common,0.5,1,0.684231679431216,0.0269633432660317
Seet_Bridge,dyad,least to most common,0.5,1,0.665505574766478,0.0328893497933384
Seet_Bridge,dyad,random,0.5,1,0.685196189609165,0.0333397474708864
Seet_Bridge,dyad,most to least common,0.75,0,0.509410569340193,0.0331462932047558
Seet_Bridge,dyad,least to most common,0.75,0,0.476871822920825,0.0310865463925078
Seet_Bridge,dyad,random,0.75,0,0.490812752003277,0.0387633632782322
Seet_Bridge,dyad,most to least common,0.75,0.25,0.523377632748697,0.0328132356709839
Seet_Bridge,dyad,least to most common,0.75,0.25,0.491318005982698,0.0342986814205314
Seet_Bridge,dyad,random,0.75,0.25,0.506829352969236,0.0394997184487808
Seet_Bridge,dyad,most to least common,0.75,0.5,0.550190029936564,0.032106334297494
Seet_Bridge,dyad,least to most common,0.75,0.5,0.522407379746312,0.0355147429185175
Seet_Bridge,dyad,random,0.75,0.5,0.537492453122844,0.0396425644653225
Seet_Bridge,dyad,most to least common,0.75,1,0.648445293074256,0.0316685282944372
Seet_Bridge,dyad,least to most common,0.75,1,0.637473768399134,0.0335079881725544
Seet_Bridge,dyad,random,0.75,1,0.647567084027305,0.0377193209310875
Studland,dyad,most to least common,0.25,0,0.439082247820266,0.0339683923488787
Studland,dyad,least to most common,0.25,0,0.617907497970776,0.0402306586888197
Studland,dyad,random,0.25,0,0.528187944459255,0.0603548213170561
Studland,dyad,most to least common,0.25,0.25,0.497999257777737,0.0400894169510914
Studland,dyad,least to most common,0.25,0.25,0.656566435047191,0.0365755762602546
Studland,dyad,random,0.25,0.25,0.588550104941873,0.05375466753539
Studland,dyad,most to least common,0.25,0.5,0.562041193822456,0.0399774159174325
Studland,dyad,least to most common,0.25,0.5,0.695343893884674,0.0328353645108517
Studland,dyad,random,0.25,0.5,0.638577916356479,0.0461235391790584
Studland,dyad,most to least common,0.25,1,0.727557578841192,0.0322488432273394
Studland,dyad,least to most common,0.25,1,0.781444124013982,0.0244755741408589
Studland,dyad,random,0.25,1,0.760608657890998,0.0302960401632162
Studland,dyad,most to least common,0.5,0,0.419019327669481,0.0368555414453137
Studland,dyad,least to most common,0.5,0,0.592766388948131,0.0438515341706575
Studland,dyad,random,0.5,0,0.509125775633391,0.0610328558651764
Studland,dyad,most to least common,0.5,0.25,0.457348945362899,0.0358651967318314
Studland,dyad,least to most common,0.5,0.25,0.628605874803409,0.0412565681416961
Studland,dyad,random,0.5,0.25,0.546660038573993,0.0621997463795729
Studland,dyad,most to least common,0.5,0.5,0.518565813126836,0.0393266811401654
Studland,dyad,least to most common,0.5,0.5,0.665009093090661,0.0373992824167916
Studland,dyad,random,0.5,0.5,0.599011097324038,0.0551903488989124
Studland,dyad,most to least common,0.5,1,0.702443714322601,0.0327202963878575
Studland,dyad,least to most common,0.5,1,0.762987869745058,0.0243591124185153
Studland,dyad,random,0.5,1,0.737818013972239,0.0335304830374779
Studland,dyad,most to least common,0.75,0,0.383080701016274,0.034991958858339
Studland,dyad,least to most common,0.75,0,0.561015754883955,0.0455451797533792
Studland,dyad,random,0.75,0,0.477628147751629,0.0632906849000136
Studland,dyad,most to least common,0.75,0.25,0.407937640954821,0.0327113623624557
Studland,dyad,least to most common,0.75,0.25,0.589416158408656,0.0435972025114948
Studland,dyad,random,0.75,0.25,0.503888125124396,0.0632335661212663
Studland,dyad,most to least common,0.75,0.5,0.451979442749838,0.0359548272974159
Studland,dyad,least to most common,0.75,0.5,0.622721003308277,0.0435166829350624
Studland,dyad,random,0.75,0.5,0.540633688163027,0.0630036683113296
Studland,dyad,most to least common,0.75,1,0.643174434211016,0.0332646769410678
Studland,dyad,least to most common,0.75,1,0.735615566890625,0.0279641586961529
Studland,dyad,random,0.75,1,0.69624055505313,0.037002721249451
Walborough,dyad,most to least common,0.25,0,0.514728891222607,0.0367403071693005
Walborough,dyad,least to most common,0.25,0,0.581971185681293,0.0354349799137837
Walborough,dyad,random,0.25,0,0.547078284856127,0.0517409730663977
Walborough,dyad,most to least common,0.25,0.25,0.557583909558475,0.0354071788012294
Walborough,dyad,least to most common,0.25,0.25,0.621082361513657,0.0345350256711179
Walborough,dyad,random,0.25,0.25,0.59380493281981,0.0460389090410117
Walborough,dyad,most to least common,0.25,0.5,0.607197309940105,0.0326680144396643
Walborough,dyad,least to most common,0.25,0.5,0.668471252692136,0.0278154247979167
Walborough,dyad,random,0.25,0.5,0.641849775943271,0.0399085435099004
Walborough,dyad,most to least common,0.25,1,0.713302463852837,0.0253321099265685
Walborough,dyad,least to most common,0.25,1,0.756092000832402,0.0224684902684787
Walborough,dyad,random,0.25,1,0.743084649856414,0.0279196185109072
Walborough,dyad,most to least common,0.5,0,0.482458239467437,0.0368223954417844
Walborough,dyad,least to most common,0.5,0,0.549816696393482,0.0361625045411642
Walborough,dyad,random,0.5,0,0.519735704588212,0.0534915045795467
Walborough,dyad,most to least common,0.5,0.25,0.515878231803247,0.0361378148823391
Walborough,dyad,least to most common,0.5,0.25,0.584158825684219,0.0356047844136096
Walborough,dyad,random,0.5,0.25,0.553688865296894,0.0475733954400433
Walborough,dyad,most to least common,0.5,0.5,0.560111150205481,0.0367304491112993
Walborough,dyad,least to most common,0.5,0.5,0.626642671016972,0.0317444620164502
Walborough,dyad,random,0.5,0.5,0.599200641897194,0.046731864978474
Walborough,dyad,most to least common,0.5,1,0.675804022528691,0.0261163896566908
Walborough,dyad,least to most common,0.5,1,0.727142782771261,0.0257246636747234
Walborough,dyad,random,0.5,1,0.711619270235555,0.0307361029960041
Walborough,dyad,most to least common,0.75,0,0.444534296602158,0.0394836952358315
Walborough,dyad,least to most common,0.75,0,0.505677063681526,0.0402624817498679
Walborough,dyad,random,0.75,0,0.468573666196214,0.0514316827283936
Walborough,dyad,most to least common,0.75,0.25,0.46750214894126,0.0374392758002544
Walborough,dyad,least to most common,0.75,0.25,0.522992167415379,0.040447540922254
Walborough,dyad,random,0.75,0.25,0.493199651767795,0.0512578639642727
Walborough,dyad,most to least common,0.75,0.5,0.501854678510444,0.0371608234402784
Walborough,dyad,least to most common,0.75,0.5,0.555991304933098,0.0404169560554613
Walborough,dyad,random,0.75,0.5,0.531219485620987,0.0511488770468226
Walborough,dyad,most to least common,0.75,1,0.626923566829379,0.0309604875966831
Walborough,dyad,least to most common,0.75,1,0.666252007018867,0.0263132040547386
Walborough,dyad,random,0.75,1,0.652328922383913,0.0363120458437609
Wheal_Coates,monad,most to least common,0.25,0,0.385488886415214,0.0380573455627691
Wheal_Coates,monad,least to most common,0.25,0,0.654766043273839,0.0516761819385848
Wheal_Coates,monad,random,0.25,0,0.520766387732037,0.0925643703659398
Wheal_Coates,monad,most to least common,0.25,0.25,0.433897438562069,0.0443585430803813
Wheal_Coates,monad,least to most common,0.25,0.25,0.673014928345765,0.0400011379701576
Wheal_Coates,monad,random,0.25,0.25,0.564091296400578,0.0777414233736519
Wheal_Coates,monad,most to least common,0.25,0.5,0.494403012157103,0.0493319338299888
Wheal_Coates,monad,least to most common,0.25,0.5,0.699624158439854,0.0302516094425368
Wheal_Coates,monad,random,0.25,0.5,0.61776412323513,0.0703331552631052
Wheal_Coates,monad,most to least common,0.25,1,0.649385724083887,0.0589388312616609
Wheal_Coates,monad,least to most common,0.25,1,0.744177320285104,0.0230594318852504
Wheal_Coates,monad,random,0.25,1,0.715180816250266,0.0520259942894602
Wheal_Coates,monad,most to least common,0.5,0,0.378278117255561,0.0401403276565966
Wheal_Coates,monad,least to most common,0.5,0,0.64535072611315,0.0566484794842834
Wheal_Coates,monad,random,0.5,0,0.510045734061266,0.0971724527250302
Wheal_Coates,monad,most to least common,0.5,0.25,0.412908536575149,0.0444848038004856
Wheal_Coates,monad,least to most common,0.5,0.25,0.664974471490188,0.0492411799118663
Wheal_Coates,monad,random,0.5,0.25,0.548668980263286,0.0882637322412644
Wheal_Coates,monad,most to least common,0.5,0.5,0.472167984818134,0.0458667807078337
Wheal_Coates,monad,least to most common,0.5,0.5,0.687730740513374,0.0377034846340279
Wheal_Coates,monad,random,0.5,0.5,0.589535683484159,0.0757427949304919
Wheal_Coates,monad,most to least common,0.5,1,0.627251848527389,0.054113085380077
Wheal_Coates,monad,least to most common,0.5,1,0.734916356368031,0.0259853069700977
Wheal_Coates,monad,random,0.5,1,0.699908481715768,0.0519266911740794
Wheal_Coates,monad,most to least common,0.75,0,0.347268270649668,0.0394875554655459
Wheal_Coates,monad,least to most common,0.75,0,0.617369673725973,0.0508375243309115
Wheal_Coates,monad,random,0.75,0,0.47770870854488,0.0913020230966742
Wheal_Coates,monad,most to least common,0.75,0.25,0.379753625999264,0.0447748171011322
Wheal_Coates,monad,least to most common,0.75,0.25,0.633112783510407,0.0467775682339459
Wheal_Coates,monad,random,0.75,0.25,0.506380450181535,0.0883128981548631
Wheal_Coates,monad,most to least common,0.75,0.5,0.411230295487176,0.054606413634956
Wheal_Coates,monad,least to most common,0.75,0.5,0.650688196304144,0.0455503902037933
Wheal_Coates,monad,random,0.75,0.5,0.545474831143222,0.0828843572306439
Wheal_Coates,monad,most to least common,0.75,1,0.5610895170767,0.058857410481378
Wheal_Coates,monad,least to most common,0.75,1,0.702445561867784,0.0255323767680686
Wheal_Coates,monad,random,0.75,1,0.641362685505859,0.0606159705182642
Woodland_Hill,triad,most to least common,0.25,0,0.48084137966607,0.0451253744475136
Woodland_Hill,triad,least to most common,0.25,0,0.570595445913948,0.0433786974025711
Woodland_Hill,triad,random,0.25,0,0.524373352220375,0.0685574715399861
Woodland_Hill,triad,most to least common,0.25,0.25,0.527075688958398,0.0435387385100738
Woodland_Hill,triad,least to most common,0.25,0.25,0.616980168546164,0.040734105704449
Woodland_Hill,triad,random,0.25,0.25,0.579922000702206,0.060294253284321
Woodland_Hill,triad,most to least common,0.25,0.5,0.589904967071003,0.0393457208594134
Woodland_Hill,triad,least to most common,0.25,0.5,0.667589883319084,0.0323240373313271
Woodland_Hill,triad,random,0.25,0.5,0.626959484886285,0.0525074186199716
Woodland_Hill,triad,most to least common,0.25,1,0.735223103761051,0.0203943339635593
Woodland_Hill,triad,least to most common,0.25,1,0.760117908201066,0.02711354752946
Woodland_Hill,triad,random,0.25,1,0.735881573479154,0.0387392617559887
Woodland_Hill,triad,most to least common,0.5,0,0.469972128711339,0.0462864962525815
Woodland_Hill,triad,least to most common,0.5,0,0.556871474691297,0.0419368262768856
Woodland_Hill,triad,random,0.5,0,0.50946946244425,0.0703526745964937
Woodland_Hill,triad,most to least common,0.5,0.25,0.506773348226568,0.043011892055382
Woodland_Hill,triad,least to most common,0.5,0.25,0.593384107222008,0.0400514849417726
Woodland_Hill,triad,random,0.5,0.25,0.54811848012262,0.067446931838751
Woodland_Hill,triad,most to least common,0.5,0.5,0.554368202694026,0.0416986776889385
Woodland_Hill,triad,least to most common,0.5,0.5,0.642398044499544,0.0374046740697467
Woodland_Hill,triad,random,0.5,0.5,0.595528212373829,0.0600960845637199
Woodland_Hill,triad,most to least common,0.5,1,0.703241083381936,0.0213780372816084
Woodland_Hill,triad,least to most common,0.5,1,0.745800259253444,0.0264350878788123
Woodland_Hill,triad,random,0.5,1,0.716148917233,0.0378962032786201
Woodland_Hill,triad,most to least common,0.75,0,0.438664292652374,0.0442667260665198
Woodland_Hill,triad,least to most common,0.75,0,0.526519247006867,0.0460454323475942
Woodland_Hill,triad,random,0.75,0,0.47664700443846,0.0706577967772635
Woodland_Hill,triad,most to least common,0.75,0.25,0.463590887109351,0.0442499653956455
Woodland_Hill,triad,least to most common,0.75,0.25,0.553902737840656,0.0451096886147761
Woodland_Hill,triad,random,0.75,0.25,0.509339997076165,0.067386313554418
Woodland_Hill,triad,most to least common,0.75,0.5,0.506977384173348,0.0450339890225952
Woodland_Hill,triad,least to most common,0.75,0.5,0.597302029701151,0.0425449187088736
Woodland_Hill,triad,random,0.75,0.5,0.551026561637316,0.0623166433264629
Woodland_Hill,triad,most to least common,0.75,1,0.656283692172833,0.0226832904403716
Woodland_Hill,triad,least to most common,0.75,1,0.709617255070603,0.0263072605666109
Woodland_Hill,triad,random,0.75,1,0.674152417798708,0.0392661802664307
Woolacombe,triad,most to least common,0.25,0,0.492115302282197,0.041863261076213
Woolacombe,triad,least to most common,0.25,0,0.548182039670662,0.0385833740123471
Woolacombe,triad,random,0.25,0,0.525783644369555,0.0496276412606426
Woolacombe,triad,most to least common,0.25,0.25,0.524749692320694,0.0364213121206007
Woolacombe,triad,least to most common,0.25,0.25,0.57858890089296,0.0299073369018973
Woolacombe,triad,random,0.25,0.25,0.552775157662337,0.0440265459347591
Woolacombe,triad,most to least common,0.25,0.5,0.563941819299502,0.0318637190072015
Woolacombe,triad,least to most common,0.25,0.5,0.617181740929992,0.025845762841944
Woolacombe,triad,random,0.25,0.5,0.594269509091029,0.0391421604276766
Woolacombe,triad,most to least common,0.25,1,0.662452431135692,0.0169952343461994
Woolacombe,triad,least to most common,0.25,1,0.701383268813809,0.0176532377240954
Woolacombe,triad,random,0.25,1,0.687121123269541,0.0219932275518416
Woolacombe,triad,most to least common,0.5,0,0.478942221810232,0.0410374117159116
Woolacombe,triad,least to most common,0.5,0,0.534582523498244,0.0421387748504042
Woolacombe,triad,random,0.5,0,0.505213955628134,0.0548628296663211
Woolacombe,triad,most to least common,0.5,0.25,0.499803590902892,0.0406957508705676
Woolacombe,triad,least to most common,0.5,0.25,0.558546346414596,0.0375593396004107
Woolacombe,triad,random,0.5,0.25,0.535034051785469,0.0534611690114004
Woolacombe,triad,most to least common,0.5,0.5,0.537980770378834,0.0355092762624008
Woolacombe,triad,least to most common,0.5,0.5,0.592528860913507,0.0318197077507215
Woolacombe,triad,random,0.5,0.5,0.567456626929484,0.0435288075649945
Woolacombe,triad,most to least common,0.5,1,0.645386515816155,0.0199772511999412
Woolacombe,triad,least to most common,0.5,1,0.688795169538185,0.0183898767174936
Woolacombe,triad,random,0.5,1,0.671505403162242,0.0234007249285961
Woolacombe,triad,most to least common,0.75,0,0.451384366195561,0.0388887041732867
Woolacombe,triad,least to most common,0.75,0,0.497063015714353,0.0431525275672765
Woolacombe,triad,random,0.75,0,0.47421616910275,0.0505353413275308
Woolacombe,triad,most to least common,0.75,0.25,0.46783427230616,0.037486814136532
Woolacombe,triad,least to most common,0.75,0.25,0.517830952334106,0.0407325034780424
Woolacombe,triad,random,0.75,0.25,0.494483873026937,0.0500959632968459
Woolacombe,triad,most to least common,0.75,0.5,0.494789621754847,0.0380214759230018
Woolacombe,triad,least to most common,0.75,0.5,0.548485555762891,0.0366668679861687
Woolacombe,triad,random,0.75,0.5,0.526485307238124,0.0506352114143918
Woolacombe,triad,most to least common,0.75,1,0.608161926926293,0.0226237202260889
Woolacombe,triad,least to most common,0.75,1,0.653530541179307,0.0178350298637421
Woolacombe,triad,random,0.75,1,0.638193379222941,0.0265047609793927
Wyeswood_Common,monad,most to least common,0.25,0,0.423226499567145,0.0410737530394008
Wyeswood_Common,monad,least to most common,0.25,0,0.628496836281684,0.0502241703635079
Wyeswood_Common,monad,random,0.25,0,0.530610205708444,0.0638193060219061
Wyeswood_Common,monad,most to least common,0.25,0.25,0.477998032529656,0.0396343638331877
Wyeswood_Common,monad,least to most common,0.25,0.25,0.673530865011705,0.0436410801606655
Wyeswood_Common,monad,random,0.25,0.25,0.583016121107886,0.0568683412743053
Wyeswood_Common,monad,most to least common,0.25,0.5,0.547853499245279,0.034924822808649
Wyeswood_Common,monad,least to most common,0.25,0.5,0.725647626462347,0.0335748122306162
Wyeswood_Common,monad,random,0.25,0.5,0.645436994757677,0.0513257019686398
Wyeswood_Common,monad,most to least common,0.25,1,0.725867388389307,0.0237846723852318
Wyeswood_Common,monad,least to most common,0.25,1,0.822082593882614,0.0175656116821591
Wyeswood_Common,monad,random,0.25,1,0.787234212444691,0.0290135010866692
Wyeswood_Common,monad,most to least common,0.5,0,0.405434559382229,0.0429197898669155
Wyeswood_Common,monad,least to most common,0.5,0,0.613472070742695,0.0511504628762329
Wyeswood_Common,monad,random,0.5,0,0.50890562417247,0.067739007620771
Wyeswood_Common,monad,most to least common,0.5,0.25,0.444533401170616,0.0437700337815614
Wyeswood_Common,monad,least to most common,0.5,0.25,0.649647347324526,0.0464855681324155
Wyeswood_Common,monad,random,0.5,0.25,0.54563767619692,0.0613045174529003
Wyeswood_Common,monad,most to least common,0.5,0.5,0.495577410586294,0.0407591449649081
Wyeswood_Common,monad,least to most common,0.5,0.5,0.693725997248256,0.0373734723767388
Wyeswood_Common,monad,random,0.5,0.5,0.599463408985876,0.0544509814069779
Wyeswood_Common,monad,most to least common,0.5,1,0.680160483925906,0.0245622298858073
Wyeswood_Common,monad,least to most common,0.5,1,0.805293663541648,0.0213442379176227
Wyeswood_Common,monad,random,0.5,1,0.754961369940853,0.0289404498075613
Wyeswood_Common,monad,most to least common,0.75,0,0.37956036721326,0.0426282372014973
Wyeswood_Common,monad,least to most common,0.75,0,0.576141629525229,0.0517491083124733
Wyeswood_Common,monad,random,0.75,0,0.474878033169801,0.0640435359952481
Wyeswood_Common,monad,most to least common,0.75,0.25,0.404685283820949,0.0411277946111477
Wyeswood_Common,monad,least to most common,0.75,0.25,0.605034621988213,0.0492293730857052
Wyeswood_Common,monad,random,0.75,0.25,0.505654803655119,0.060012326793511
Wyeswood_Common,monad,most to least common,0.75,0.5,0.442460968660699,0.0398496129481974
Wyeswood_Common,monad,least to most common,0.75,0.5,0.646464239621912,0.0444988343254019
Wyeswood_Common,monad,random,0.75,0.5,0.546369445324764,0.0586342768102229
Wyeswood_Common,monad,most to least common,0.75,1,0.621096040290323,0.0276389816627185
Wyeswood_Common,monad,least to most common,0.75,1,0.764492072311968,0.0286018399691426
Wyeswood_Common,monad,random,0.75,1,0.703557079948537,0.0375799964123473
